Date,x1,x2,x3,x4,x5,x6,x7,x8,x9,x10,x11,y
2024-02-16-09:43:14,0.287577520124614,0.986054297303781,0.47068183356896,0.85859140730463,0.639185810694471,0.159673980204388,0.73232174734585,0.138713344465941,0.386281783925369,0.0986357508227229,0.304464184911922,1.06705907609236
2024-02-16-09:43:15,0.788305135443807,0.137067471398041,0.365845473250374,0.887384754605591,0.124822397250682,0.144515851279721,0.609710701974109,0.5571941412054,0.542382778832689,0.623449966777116,0.83281878195703,2.18467851981269
2024-02-16-09:43:16,0.4089769218117,0.90530958166346,0.121272054268047,0.48909149854444,0.255265783751383,0.149180392036214,0.224372133612633,0.252928426256403,0.744253082200885,0.256372759817168,0.593647508416325,0.345032476251864
2024-02-16-09:43:18,0.883017404004931,0.576301837572828,0.046993680531159,0.718091808957979,0.82057468732819,0.514434259850532,0.916171013377607,0.0736061707139015,0.333332431735471,0.479266564594582,0.807196641340852,1.28228830067497
2024-02-16-09:43:19,0.940467284293845,0.395448859082535,0.262796304188669,0.486705572577193,0.803780392976478,0.492827306268737,0.802761024795473,0.762648625299335,0.324915238190442,0.477143506286666,0.294050777796656,0.484509202589416
2024-02-16-09:43:20,0.0455564993899316,0.449802484130487,0.968641167972237,0.988708860939369,0.0458346307277679,0.616342768538743,0.312408612575382,0.606368775945157,0.423743036808446,0.830491416389123,0.14108522166498,1.07309242263249
2024-02-16-09:43:21,0.528105488047004,0.70650190114975,0.488495482364669,0.0647511295974255,0.87553172186017,0.447422890691087,0.227251196280122,0.332993865245953,0.276301349047571,0.895577512681484,0.888621102552861,1.28712219947997
2024-02-16-09:43:22,0.892419044394046,0.0825027457904071,0.477822029730305,0.157662777928635,0.128009089967236,0.0556767152156681,0.657595203956589,0.909663618775085,0.626090149627998,0.576875721104443,0.00828500417992473,0.178367451808978
2024-02-16-09:43:24,0.551435014465824,0.339312580181286,0.748792881146073,0.785348618403077,0.608831403544173,0.00539630954153836,0.735731156310067,0.590027196798474,0.0435978448949754,0.943795091472566,0.569120652973652,2.41877225796528
2024-02-16-09:43:25,0.456614735303447,0.680787551216781,0.667640231316909,0.542188289808109,0.469566873274744,0.221834201132879,0.465094254584983,0.946425729431212,0.606534786755219,0.291835304815322,0.967550189932808,0.761826630890735
2024-02-16-09:43:26,0.956833345349878,0.316949248081073,0.0494155967608094,0.416547345230356,0.55729108559899,0.850963223958388,0.863605329301208,0.902330538723618,0.417049096897244,0.625319276470691,0.269188763340935,0.104131450261937
2024-02-16-09:43:27,0.453334156190977,0.831568598048761,0.695105244405568,0.998882649000734,0.730392784578726,0.267346206121147,0.675000583287328,0.386968038743362,0.0436190224718302,0.620183863444254,0.983960070647299,2.20812571767212
2024-02-16-09:43:28,0.677570635452867,0.215172082651407,0.363261566730216,0.255673117004335,0.469858688767999,0.598600273253396,0.161467888858169,0.718480994924903,0.993407740490511,0.648617852479219,0.035389487631619,0.820409252225729
2024-02-16-09:43:29,0.572633401956409,0.497948936186731,0.884133607381955,0.507875671144575,0.988610059022903,0.608599697239697,0.0120903067290783,0.827347054844722,0.626561040990055,0.234910608269274,0.257976430468261,1.24691044757634
2024-02-16-09:43:30,0.102924682665616,0.276049672625959,0.775297229643911,0.0789711775723845,0.984668384538963,0.992158440407366,0.866068027447909,0.913822044618428,0.83884015167132,0.403752933023497,0.259891121415421,-0.579352209809422
2024-02-16-09:43:30,0.899824970401824,0.192023318726569,0.139203641330823,0.813668364426121,0.393284681020305,0.191189960809425,0.100712787825614,0.130618798779324,0.397084629861638,0.170949821127579,0.948188487673178,1.19711296057558
2024-02-16-09:43:33,0.24608773435466,0.950621264055371,0.295009271241724,0.382179160136729,0.608847137540579,0.753390584606677,0.312232244526967,0.0444170767441392,0.95308898575604,0.519163028802723,0.979622738668695,-0.440423454445211
2024-02-16-09:43:33,0.0420595335308462,0.321725537767634,0.12608278542757,0.802182707935572,0.345483730081469,0.242387337144464,0.434495053021237,0.988233867799863,0.378397780237719,0.58436138019897,0.734384863637388,0.964874273903428
2024-02-16-09:43:34,0.327920719282702,0.478456383803859,0.58990162378177,0.197923636762425,0.437112562125549,0.327452220022678,0.615756064187735,0.389479353791103,0.819895087508485,0.0800781804136932,0.28747975663282,-0.25412019309483
2024-02-16-09:43:35,0.954503649147227,0.0279925719369203,0.561675608856604,0.946399770211428,0.22913196333684,0.00353549467399716,0.339224056806415,0.711053413106129,0.00722655141726136,0.728902525268495,0.408959118416533,1.48682545402194
2024-02-16-09:43:36,0.889539316063747,0.547459468012676,0.688721120124683,0.345672474242747,0.00607224809937179,0.997424143599346,0.579978102818131,0.525940076913685,0.873742654221132,0.614066529320553,0.201577648054808,-0.123686810399347
2024-02-16-09:43:37,0.6928034061566,0.644240220542997,0.311270809033886,0.522050247294828,0.0238768882118165,0.438059504376724,0.829674802720547,0.386901275254786,0.0739439935423434,0.670895760180429,0.766586359124631,2.87700272827534
2024-02-16-09:43:38,0.640506813768297,0.596263544633985,0.605586841469631,0.111688006436452,0.0587584283202887,0.997688744915649,0.334618145599961,0.718566830735654,0.816704250872135,0.296133559430018,0.743104939814657,0.841916176230673
2024-02-16-09:43:39,0.994269776623696,0.321937375701964,0.991034318925813,0.885974851204082,0.764575645094737,0.196719169151038,0.382018996169791,0.88018071744591,0.586043036542833,0.360568501753733,0.49846138083376,0.05135422287733
2024-02-16-09:43:40,0.655705799115822,0.891114312456921,0.743204915197566,0.95425497321412,0.46904400549829,0.111476795747876,0.605689934687689,0.121160196373239,0.682746354490519,0.631066288566217,0.670499595580623,1.87636438854607
2024-02-16-09:43:41,0.708530468167737,0.626256947405636,0.0758571303449571,0.0403807631228119,0.850831880234182,0.250736450543627,0.495735892094672,0.367052236804739,0.714157723588869,0.960105936741456,0.752462793607265,1.280663770554
2024-02-16-09:43:42,0.544066024711356,0.302904915297404,0.451168906409293,0.4936161886435,0.581719390582293,0.680476603098214,0.10926788370125,0.789931863546371,0.280105278594419,0.36467837006785,0.773862918838859,1.77419586703563
2024-02-16-09:43:44,0.59414202044718,0.388204663759097,0.0535369345452636,0.226063704816625,0.186888262396678,0.577254296746105,0.84592829993926,0.215600231895223,0.673513558227569,0.197989918990061,0.6051693004556,0.931245110200549
2024-02-16-09:43:45,0.28915973729454,0.160475092474371,0.33955551404506,0.858800339279696,0.609060978516936,0.416347296210006,0.44585653510876,0.620726760942489,0.29703937843442,0.254108763532713,0.390515743521973,1.32022648173395
2024-02-16-09:43:46,0.147113647311926,0.862551897531375,0.73395214881748,0.53093573381193,0.893341733142734,0.729181243572384,0.750375904841349,0.3777223569341,0.571045774733648,0.485302679473534,0.671057573053986,0.329113331151802
2024-02-16-09:43:47,0.963024232536554,0.953101213788614,0.00410694046877325,0.0046381508000195,0.794321165885776,0.574189733015373,0.795538619626313,0.604035299969837,0.0547061813995242,0.413281648885459,0.869207811541855,0.485499065670773
2024-02-16-09:43:48,0.902299045119435,0.563644683454186,0.771909482311457,0.277560080168769,0.504092833958566,0.5776351490058,0.390698857139796,0.564518268220127,0.347608416806906,0.328245330136269,0.436402873136103,0.727868430555403
2024-02-16-09:43:49,0.690705278422683,0.329547413391992,0.462975211208686,0.325203143060207,0.423028273740783,0.589999127434567,0.0148478888440877,0.694443300133571,0.497679084306583,0.356844970490783,0.120476344367489,1.94407368940515
2024-02-16-09:43:50,0.795467417687178,0.996617218712345,0.720840350026265,0.588706276612356,0.654381287749857,0.222928340081125,0.743414826691151,0.814143686555326,0.531688984716311,0.683859254233539,0.61895335954614,1.88588740979551
2024-02-16-09:43:51,0.0246136845089495,0.234819675795734,0.666505717206746,0.249684700742364,0.887738514458761,0.103492298629135,0.0683851786889136,0.453684234526008,0.815768377389759,0.863149265060201,0.480508751003072,-0.36627029240629
2024-02-16-09:43:53,0.477795971091837,0.612671965267509,0.572073720628396,0.0431172808166593,0.892016471130773,0.736506026936695,0.532020630780607,0.369964695069939,0.510326466523111,0.46896873624064,0.923893089639023,0.5997749369853
2024-02-16-09:43:54,0.758459537522867,0.10817852942273,0.703812950057909,0.110678787576035,0.178390537854284,0.612403756240383,0.122630413854495,0.82265903824009,0.84894580161199,0.582857097731903,0.240672685205936,1.09475135449577
2024-02-16-09:43:54,0.216407935833558,0.487032569944859,0.65722106047906,0.703753812005743,0.257502424763516,0.951212360523641,0.675769999157637,0.512624271446839,0.594192863209173,0.498559968080372,0.776481575565413,0.472167223711017
2024-02-16-09:43:55,0.318181007634848,0.099445823347196,0.289352145045996,0.939021238824353,0.113438504748046,0.959875865606591,0.0560200677718967,0.741581825306639,0.537895291345194,0.667307857424021,0.751987888244912,1.06290178130116
2024-02-16-09:43:56,0.231625785352662,0.16116576269269,0.0972394556738436,0.311169018037617,0.797158958623186,0.744836050085723,0.798009385820478,0.849338478175923,0.627040413441136,0.687873262446374,0.676482424838468,0.100415009724472
2024-02-16-09:43:57,0.142800022382289,0.282992870779708,0.962421321077272,0.0784929301589727,0.10953848878853,0.434830145677552,0.662604964571074,0.440299715381116,0.291973809478804,0.107329925056547,0.551719463896006,0.535831742278306
2024-02-16-09:43:58,0.414546335814521,0.583872335962951,0.736334029119462,0.321744091343135,0.829071694752201,0.174775137333199,0.24424139666371,0.405908306594938,0.567239138297737,0.112209268612787,0.59786053118296,0.560255804480258
2024-02-16-09:43:59,0.413724326295778,0.731707658851519,0.612723468570039,0.624905536882579,0.771046296926215,0.435288068838418,0.160372437210754,0.850917610805482,0.999499982455745,0.932780175935477,0.866437581600621,-0.0132116751908539
2024-02-16-09:44:01,0.368845450924709,0.165520911104977,0.119928880827501,0.440241849515587,0.943689404521137,0.762458187760785,0.057999900309369,0.727024612016976,0.920453968457878,0.421875875210389,0.495340712601319,-0.118808885683631
2024-02-16-09:44:02,0.152444747742265,0.866467763204128,0.550259046489373,0.801345300627872,0.466957593569532,0.919029311044142,0.0152111938223243,0.615070251515135,0.769343193853274,0.563311485340819,0.980228964006528,0.320890794004974
2024-02-16-09:44:02,0.13880606344901,0.708574137184769,0.262756277807057,0.279283805051818,0.939855647506192,0.906697582919151,0.833354771602899,0.700001063290983,0.843732711626217,0.95624218787998,0.0693746872711927,-0.424296218864865
2024-02-16-09:44:03,0.233034099452198,0.76039953622967,0.898360831197351,0.570713193388656,0.78518294240348,0.815512828994542,0.2618772177957,0.748172963969409,0.922279868507758,0.195921072736382,0.555928963935003,-0.204181594465662
2024-02-16-09:44:05,0.465962450252846,0.147084108553827,0.00917994580231607,0.0421280120499432,0.874607875011861,0.199752942658961,0.055414826143533,0.26184764271602,0.600790136726573,0.223746445262805,0.189373525325209,0.373378929679791
2024-02-16-09:44:06,0.265972640365362,0.358056963421404,0.236234935931861,0.190717455465347,0.394462653435767,0.049625585321337,0.348033432848752,0.276196651626378,0.36780192819424,0.621356976451352,0.296457481570542,0.579467636294286
2024-02-16-09:44:07,0.857827715342864,0.673332481412217,0.130044595338404,0.727086470695212,0.0996991607826203,0.478948525618762,0.580218408955261,0.199463771656156,0.747003500815481,0.834566637640819,0.841004121815786,0.882684267716654
2024-02-16-09:44:08,0.0458311666734517,0.523822601651773,0.326233146712184,0.826690050307661,0.27696142042987,0.590393368853256,0.804218275705352,0.942995996912941,0.484860739205033,0.807968374807388,0.205107101239264,0.678830280181523
2024-02-16-09:44:10,0.442200074205175,0.349801792763174,0.72639888827689,0.510721075348556,0.722222051117569,0.0966202358249575,0.340265726437792,0.27114568115212,0.00481082242913544,0.151073452783749,0.582719089696184,1.92052378733572
2024-02-16-09:44:11,0.798924845643342,0.240530701586977,0.991745235398412,0.567726165754721,0.356305179418996,0.950890234904364,0.134850330883637,0.498408649116755,0.673142445739359,0.0832286651711911,0.396262198220938,1.65701570337958
2024-02-16-09:44:12,0.12189925997518,0.0581917962990701,0.715133527759463,0.00115581974387169,0.382711883401498,0.162743138615042,0.773612920194864,0.036687881918624,0.403647578554228,0.778930622152984,0.305571276228875,0.243389633633253
2024-02-16-09:44:13,0.560947983758524,0.236619742121547,0.504439810989425,0.143778103170916,0.0319686508737504,0.921506262617186,0.877237849868834,0.801737232832238,0.953182034660131,0.95449625281617,0.472255289321765,0.137216114708118
2024-02-16-09:44:13,0.20653138961643,0.890077913179994,0.436047671828419,0.865967083023861,0.521445286925882,0.127775072818622,0.987968035042286,0.405224565882236,0.13437141943723,0.618401430780068,0.743249097838998,1.43271171424826
2024-02-16-09:44:15,0.127531650243327,0.81182741606608,0.948825250612572,0.0825610605534166,0.121077910298482,0.662739590508863,0.654818585142493,0.460125905228779,0.377719945507124,0.437216302845627,0.976803606608883,0.359363995147348
2024-02-16-09:44:16,0.753307864302769,0.747516322182491,0.120181487640366,0.244570682058111,0.885184176499024,0.784041927428916,0.254027303308249,0.931152150500566,0.899857032811269,0.664421479217708,0.156263851327822,1.12962222524456
2024-02-16-09:44:17,0.895045359153301,0.154911725781858,0.0751451766118407,0.98154315748252,0.0746462990064174,0.764613161794841,0.6414555599913,0.389880725648254,0.803341009886935,0.868892412167042,0.129425811348483,0.454288729851506
2024-02-16-09:44:18,0.374462775886059,0.124742088606581,0.889021492796019,0.57758127944544,0.784227946773171,0.672570310533047,0.450612380634993,0.745816369075328,0.506427343934774,0.502621453488246,0.580559302819893,0.790652295521031
2024-02-16-09:44:19,0.665115194628015,0.974725808482617,0.424452095059678,0.24872636445798,0.854132302571088,0.115665902383626,0.196961197070777,0.783608496654779,0.0180937359109521,0.528803027002141,0.137149174930528,2.7036480347555
2024-02-16-09:44:20,0.0948406609240919,0.436129996087402,0.0423606787808239,0.614953953772783,0.0371781706344336,0.851301487535238,0.606187485391274,0.20745625323616,0.250273131998256,0.770743538159877,0.20199644449167,1.04354958875369
2024-02-16-09:44:21,0.383969637798145,0.464016626821831,0.647442143643275,0.0317573207430542,0.275143509497866,0.617961594834924,0.974629749776796,0.0565267296042293,0.30598814971745,0.369784993585199,0.341649064561352,0.73216001433245
2024-02-16-09:44:22,0.27438364457339,0.16529808123596,0.468619162449613,0.146423544269055,0.642069949069992,0.836411555996165,0.199174381326884,0.331513833720237,0.661724039819092,0.940502697834745,0.265900946687907,-0.0287534865039209
2024-02-16-09:44:24,0.814640038879588,0.584936557337642,0.617926123319194,0.703072973992676,0.785078359534964,0.169928224757314,0.434758973540738,0.683805185602978,0.0981769990175962,0.0332587726879865,0.721585981547832,2.7290394090024
2024-02-16-09:44:25,0.448516341391951,0.27077801944688,0.270815432537347,0.065560708520934,0.400062711909413,0.0102812200784683,0.339538734639063,0.767774268286303,0.965290450956672,0.338277495931834,0.695491484366357,-0.382969931574287
2024-02-16-09:44:26,0.810064353048801,0.230096920393407,0.157295286655426,0.621807062299922,0.935302329715341,0.323469731258228,0.0340082424227148,0.653049391461536,0.867223657900468,0.135628548450768,0.794208727078512,1.23477212918768
2024-02-16-09:44:27,0.812389509519562,0.691207831492648,0.114254270214587,0.937327365390956,0.390516970772296,0.269682724494487,0.0991985632572323,0.933803994208574,0.284862571163103,0.337124768877402,0.274469998665154,2.67157231978018
2024-02-16-09:44:28,0.794342321110889,0.282852399628609,0.507682863157243,0.0878946147859097,0.423959307139739,0.825261356076226,0.419232832733542,0.00351595156826079,0.434687237953767,0.483512301929295,0.181956361979246,1.70505276375312
2024-02-16-09:44:29,0.439831687603146,0.810398066183552,0.548032287508249,0.972803509328514,0.286421701079234,0.933661737013608,0.0473383399657905,0.378389092627913,0.340949042001739,0.757156757172197,0.462603667052463,1.73409515710021
2024-02-16-09:44:30,0.754475158639252,0.0939166070893407,0.140646189451218,0.0260107105132192,0.611748408526182,0.127791483653709,0.0265292769763619,0.643704051151872,0.34812997514382,0.79612299380824,0.550545076839626,2.0297518795804
2024-02-16-09:44:31,0.629221131559461,0.822030071169138,0.16976905008778,0.725227952003479,0.558812738629058,0.913337606238201,0.1735120464582,0.0990726111922413,0.304173218086362,0.416458620689809,0.622717714169994,2.3868844816989
2024-02-16-09:44:32,0.710182401351631,0.427428280701861,0.761985323159024,0.453706391621381,0.0399671350605786,0.605233947746456,0.378086534328759,0.0150634618476033,0.91451596817933,0.0299398233182728,0.482893423875794,1.25682376001311
2024-02-16-09:44:33,0.000624773325398564,0.755887259729207,0.527394940610975,0.566182404989377,0.745281946845353,0.400285166455433,0.588322784285992,0.148565070470795,0.283578851260245,0.938352005323395,0.129830974154174,0.917127064253127
2024-02-16-09:44:34,0.475316574098542,0.662385506555438,0.860989357577637,0.87273104628548,0.206487420713529,0.665795303415507,0.336429670220241,0.745310313301161,0.867847318993881,0.915502637159079,0.883996807038784,0.616770886288534
2024-02-16-09:44:35,0.220118885161355,0.444527396932244,0.67355498787947,0.55456317961216,0.656495965085924,0.767599277198315,0.49454828677699,0.852746750926599,0.816691294778138,0.612113551236689,0.991317927837372,-0.0581847888586275
2024-02-16-09:44:36,0.379816537722945,0.627146184444427,0.0130410296842456,0.737652207259089,0.522414671257138,0.521895700134337,0.752326674759388,0.324945457279682,0.184587123570964,0.919092080555856,0.861965436022729,1.51886457780601
2024-02-16-09:44:37,0.612771003274247,0.000465349061414599,0.693198901368305,0.62312916200608,0.633436584845185,0.394507517106831,0.169062111992389,0.266669508768246,0.227226476417854,0.626259023090824,0.852250717813149,2.35574540945566
2024-02-16-09:44:38,0.351797909243032,0.217243514023721,0.89171373215504,0.311028405791149,0.617563133826479,0.965786833548918,0.843631636584178,0.243547442136332,0.665625837165862,0.126453656470403,0.37741360720247,0.162034736532268
2024-02-16-09:44:39,0.111135424347594,0.704872245667502,0.63185017532669,0.392196484608576,0.284895547432825,0.0489855406340212,0.320302856387571,0.956250291550532,0.468079254729673,0.14264163793996,0.617076499853283,0.456095492953363
2024-02-16-09:44:40,0.243619472719729,0.215166488196701,0.107294654939324,0.202087455429137,0.223807222442701,0.153308271663263,0.233887216309085,0.497268739389256,0.109640063950792,0.681643860414624,0.518342392519116,1.08982999173016
2024-02-16-09:44:41,0.66805558744818,0.813933721277863,0.921065203845501,0.852780389599502,0.539019355317578,0.696839065523818,0.309993565781042,0.694451575400308,0.145648297620937,0.923024817137048,0.0369292099494487,3.00199848111932
2024-02-16-09:44:42,0.417646779678762,0.307763874297962,0.675362381152809,0.606830150820315,0.996371977264062,0.727785873226821,0.789909963263199,0.915131913963705,0.317174333380535,0.15065242908895,0.743032434489578,1.23171848211703
2024-02-16-09:44:43,0.788195834029466,0.687742685666308,0.148593712598085,0.75609801383689,0.328916536876932,0.108379415469244,0.254507749108598,0.608921787003055,0.607202998362482,0.884846845176071,0.842428504256532,2.0279431982476
2024-02-16-09:44:45,0.102864644257352,0.932681079022586,0.745341842295602,0.562516808742657,0.323336088331416,0.464568545576185,0.922823525732383,0.262608857825398,0.947015262208879,0.450182621134445,0.0491153171751648,-0.449736983496171
2024-02-16-09:44:46,0.434892741497606,0.115779664833099,0.942598861875013,0.275899012805894,0.0353235178627074,0.642125536222011,0.148353497497737,0.918930737767369,0.422586169559509,0.0466699926182628,0.893289207713678,0.86534456583905
2024-02-16-09:44:46,0.984956979984418,0.127705687889829,0.420783375622705,0.735558403655887,0.525611852528527,0.397110937861726,0.216477806447074,0.711613078601658,0.92648857855238,0.823468044633046,0.37817745283246,-0.692332659683724
2024-02-16-09:44:48,0.893051114398986,0.678223857423291,0.297723078168929,0.549279793864116,0.596806915011257,0.990430257050321,0.626091811805964,0.0438285937998444,0.0996410937514156,0.966285669011995,0.695564301451668,1.53959910595464
2024-02-16-09:44:49,0.886469060787931,0.42894859588705,0.259426670148969,0.346127043943852,0.742086659185588,0.678708809893578,0.257070173276588,0.633507626829669,0.866288959048688,0.807395789306611,0.717311362503096,-0.0342247873343535
2024-02-16-09:44:49,0.175052650272846,0.834400977939367,0.222881316905841,0.514965634793043,0.95283712958917,0.315318457549438,0.707173747709021,0.852732387837023,0.260488230502233,0.296252726344392,0.682524946751073,0.961464912035579
2024-02-16-09:44:50,0.130695691565052,0.971438066801056,0.565654343459755,0.815767947584391,0.489621237851679,0.153769260039553,0.742405218305066,0.119095859350637,0.284032399300486,0.197892070980743,0.300406356109306,1.11619152536774
2024-02-16-09:44:51,0.653101925039664,0.0704889777116477,0.756650132825598,0.526272569317371,0.0832873454783112,0.301251735771075,0.262356393504888,0.952037903247401,0.165858007734641,0.201672925846651,0.302623182768002,2.59115899218409
2024-02-16-09:44:52,0.343516472261399,0.45978519320488,0.669603545917198,0.203040049877018,0.259927998995408,0.0945155306253582,0.572619807906449,0.0408398597501218,0.0299566281028092,0.349512686487287,0.476110398303717,1.36166769775237
2024-02-16-09:44:53,0.656758127966896,0.70158511842601,0.546522794291377,0.848107680445537,0.874846625607461,0.0268755068536848,0.915648627793416,0.170599981676787,0.0981186414137483,0.224084863439202,0.0484824839513749,2.87887165405281
2024-02-16-09:44:54,0.320373242488131,0.0869401679374278,0.811463657766581,0.370494215050712,0.852059136377648,0.310483304318041,0.70842005033046,0.0231534095946699,0.119857751764357,0.164491710020229,0.491619820008054,1.26442289966141
2024-02-16-09:44:55,0.187691119266674,0.992944016121328,0.759166802046821,0.303325170883909,0.842904664576054,0.742438868619502,0.844355070730671,0.389909906545654,0.194150109542534,0.0927299510221928,0.588624723721296,0.916546597213309
2024-02-16-09:44:56,0.782294301316142,0.253098994027823,0.0200684661976993,0.770597046939656,0.946903674630448,0.960092212306336,0.91994241415523,0.709277140907943,0.829592596972361,0.632899892982095,0.234639328438789,1.47705091234761
2024-02-16-09:44:57,0.0935949867125601,0.0495384356472641,0.380903700133786,0.733448554994538,0.652681634761393,0.415802662726492,0.294634674442932,0.655755545711145,0.015314260032028,0.784788343356922,0.96463824948296,1.67726502337981
2024-02-16-09:44:58,0.46677904156968,0.686324946815148,0.0508801136165857,0.838905998272821,0.488155565224588,0.522235407261178,0.6506526642479,0.486142716836184,0.385690907249227,0.0594892981462181,0.15999466041103,1.443970428845
2024-02-16-09:45:00,0.511505459900945,0.786927352659404,0.797902937280014,0.569048842415214,0.187756700674072,0.0675197287928313,0.141766190296039,0.080723162740469,0.91435600980185,0.084299654699862,0.575237983837724,0.430651865268329
2024-02-16-09:45:01,0.59998895926401,0.353606075979769,0.923699213191867,0.02628083829768,0.71303306077607,0.629841805435717,0.853531681932509,0.967884400626644,0.0152856642380357,0.00427772384136915,0.420792212244123,2.1353300948373
2024-02-16-09:45:02,0.332823540316895,0.366441444959491,0.542598370462656,0.486127228243276,0.0850699706934392,0.353413787204772,0.666006616083905,0.560272865230218,0.309651001356542,0.142220714827999,0.12242970848456,0.999750524105394
2024-02-16-09:45:03,0.488613033667207,0.287100130692124,0.852364600170404,0.542681032791734,0.461199405603111,0.42471465212293,0.733326679328457,0.716906161280349,0.428502689348534,0.929193703690544,0.364285207353532,1.18695986371372
2024-02-16-09:45:04,0.954473827499896,0.0799729123245925,0.583562863292173,0.836660116910934,0.935907306615263,0.963768790708855,0.314740349305794,0.283424756024033,0.562131065642461,0.161884823115543,0.998726159567013,0.288663324773409
2024-02-16-09:45:05,0.4829023971688,0.365454269573092,0.668323643505573,0.728664538124576,0.845293667865917,0.680998486932367,0.667717940174043,0.802252903580666,0.920765466988087,0.988501149928197,0.797886293148622,0.343723405334199
2024-02-16-09:45:06,0.890350222121924,0.178013814613223,0.511314596515149,0.555113806854934,0.716186716919765,0.718463884433731,0.463886711513624,0.629219358321279,0.516922419192269,0.704223259584978,0.34985151165165,0.772337095492483
2024-02-16-09:45:07,0.914438186911866,0.536053720628843,0.762750589288771,0.0734143974259496,0.123806348303333,0.170629765372723,0.650282931281254,0.908960911910981,0.740039969794452,0.324542554793879,0.936977054690942,-0.395129098386655
2024-02-16-09:45:08,0.608734982321039,0.503948712022975,0.90336228790693,0.136502299224958,0.594827461289242,0.203609089134261,0.785775208147243,0.39612518902868,0.617846142500639,0.328085233457386,0.713197379140183,1.06678913841889
2024-02-16-09:45:09,0.410689776530489,0.945035103475675,0.820474512176588,0.684608696261421,0.98985280143097,0.876549711916596,0.901704200776294,0.308284414000809,0.205749509623274,0.776702075731009,0.49524376844056,1.47111504180786
2024-02-16-09:45:10,0.147094690939412,0.341321283951402,0.071431849617511,0.0996219362132251,0.6154084878508,0.837522525573149,0.527407548157498,0.73169416305609,0.508689040783793,0.498603128129616,0.81224536173977,0.125144945708507
2024-02-16-09:45:11,0.935299803270027,0.464713774155825,0.00389634305611253,0.203785905148834,0.273077666992322,0.720627042464912,0.158109048381448,0.69500856846571,0.0610623478423804,0.497006849851459,0.654932544799522,0.884718249032907
2024-02-16-09:45:12,0.301228899974376,0.0825311816297472,0.0521986158564687,0.365980138303712,0.0637068431824446,0.28106337110512,0.26961875311099,0.435300165554509,0.774502127896994,0.266374840168282,0.360745880985633,-0.0306868193813565
2024-02-16-09:45:14,0.0607205715496093,0.860106846084818,0.866560179740191,0.846195757621899,0.072303275577724,0.209990896750242,0.134540214436129,0.807519890367985,0.204246863955632,0.92980143497698,0.471931552048773,1.43088263519213
2024-02-16-09:45:15,0.947726940037683,0.395660639973357,0.576245168922469,0.236872595502064,0.873511214042082,0.49415031960234,0.237557555316016,0.305613044882193,0.857073594583198,0.677545783109963,0.598357705632225,-0.792700469587017
2024-02-16-09:45:16,0.720596273429692,0.735899350373074,0.313842572038993,0.704877850599587,0.36282499670051,0.521752808243036,0.723056622082368,0.914555313298479,0.513771815458313,0.710259832208976,0.726199831115082,2.23177204354392
2024-02-16-09:45:17,0.142294295597821,0.171743405982852,0.959465783787891,0.107608830789104,0.945622149156407,0.219831811729819,0.627125432249159,0.629829389508814,0.25162134738639,0.281794074689969,0.355999730993062,0.645685751415575
2024-02-16-09:45:18,0.549284656066447,0.454761631321162,0.591193757019937,0.779068868607283,0.558318939991295,0.763106702361256,0.452364492695779,0.77716425806284,0.812749446835369,0.580691942945123,0.586478449869901,0.931567733986427
2024-02-16-09:45:19,0.95409123855643,0.770204759435728,0.531409335788339,0.25510568334721,0.512661150889471,0.0245196530595422,0.634306973544881,0.71714389231056,0.0670025576837361,0.954256804427132,0.516603587893769,0.724756614741873
2024-02-16-09:45:20,0.585483353119344,0.0626499983482063,0.383936671540141,0.548043326009065,0.9477716635447,0.711485945153981,0.529496879549697,0.663176189409569,0.0261934788431972,0.0359985483810306,0.593514689477161,2.47287299974589
2024-02-16-09:45:21,0.404510281747207,0.815081495093182,0.319553229492158,0.0339015207719058,0.109801595564932,0.840887599159032,0.330106385750696,0.703092000680044,0.596256312215701,0.510235942201689,0.888269584625959,0.208109771508202
2024-02-16-09:45:22,0.64789347932674,0.301142524462193,0.808386255288497,0.806109476136044,0.818907550536096,0.930821072077379,0.77073736069724,0.19263584795408,0.846893766429275,0.860585955437273,0.867127555888146,1.33930184234594
2024-02-16-09:45:23,0.319820617092773,0.364671027986333,0.0419194984715432,0.337752807186916,0.377342106774449,0.662091647274792,0.63498916872777,0.598078214563429,0.452399161411449,0.277492366963997,0.831201369641349,0.58494720478849
2024-02-16-09:45:24,0.307720010867342,0.312112791929394,0.363742694724351,0.916285858023912,0.556641047820449,0.269942219369113,0.77436368400231,0.767170521896333,0.502177310641855,0.362849079770967,0.161718111252412,0.895354915833262
2024-02-16-09:45:25,0.219767631264403,0.0373699648771435,0.856596966972575,0.357106417883188,0.313871186692268,0.21823346032761,0.178849163930863,0.236375931883231,0.209659607382491,0.916517503093928,0.331397745292634,1.02679839518163
2024-02-16-09:45:26,0.369488865835592,0.51880492339842,0.697946578497067,0.975365013116971,0.0823428803123534,0.867818171158433,0.396402273792773,0.691556062549353,0.715586190344766,0.0802353743929416,0.926172455074266,0.72157742727965
2024-02-16-09:45:27,0.984219203470275,0.679013415705413,0.684486472979188,0.384378522634506,0.779937542276457,0.0245715517085046,0.962715865811333,0.092239077668637,0.536380053497851,0.512724637286738,0.925039121182635,-0.322533035351391
2024-02-16-09:45:28,0.154202300822362,0.903233560267836,0.34801505273208,0.488673535175622,0.193234728416428,0.850026724394411,0.377313619246706,0.737041240325198,0.0491394286509603,0.420037846080959,0.636497538071126,1.39921638270525
2024-02-16-09:45:29,0.0910439998842776,0.0255266984459013,0.554681829409674,0.490776231279597,0.655585467582569,0.523933076998219,0.077554949792102,0.944681071443483,0.822714880341664,0.158049466554075,0.792909839423373,-0.126110433386775
2024-02-16-09:45:31,0.141906907781959,0.989078270737082,0.137243617558852,0.0122546241618693,0.435147053329274,0.435462701832876,0.529335109051317,0.664087651763111,0.252496465342119,0.449557990999892,0.571746357949451,0.558103969520393
2024-02-16-09:45:32,0.690007101511583,0.302887624595314,0.784931556321681,0.641473200637847,0.197148326551542,0.931294746464118,0.949723993660882,0.667415574658662,0.521448933985084,0.169620736502111,0.0393756863195449,2.03425072384289
2024-02-16-09:45:33,0.619256483390927,0.939138400601223,0.886862571584061,0.512574971653521,0.994660422205925,0.164550395915285,0.856113054091111,0.420021674362943,0.32699210033752,0.855247208615765,0.287657243898138,1.97409388285046
2024-02-16-09:45:34,0.891394117148593,0.687607581727207,0.20409588329494,0.320352118229493,0.446742866421118,0.378788392059505,0.549436143832281,0.137966922484338,0.110368841327727,0.688133171061054,0.480841588461772,1.36065241659279
2024-02-16-09:45:35,0.672999092610553,0.447036994853988,0.770622961455956,0.58143315766938,0.0314266642089933,0.138044937048107,0.66495354170911,0.469365113647655,0.851732170907781,0.121525236405432,0.43491375236772,1.30568440504095
2024-02-16-09:45:36,0.737077737925574,0.816478138789535,0.596362960757688,0.617344408296049,0.937016558134928,0.149721077177674,0.500448136590421,0.0937542426399887,0.624640036839992,0.119116011308506,0.932469887193292,1.99822794735666
2024-02-16-09:45:37,0.521135725779459,0.0394991978537291,0.957669742405415,0.438274537678808,0.870983954286203,0.676447247387841,0.92407216085121,0.754073351155967,0.848066023783758,0.288543877657503,0.645680585643277,0.370781711831882
2024-02-16-09:45:38,0.65983844967559,0.739031685516238,0.158688397612423,0.170368980616331,0.601246283389628,0.562116155866534,0.091927953530103,0.366327905561775,0.126011811429635,0.940235597081482,0.000828963704407215,2.39194698542769
2024-02-16-09:45:39,0.821805460145697,0.348719493718818,0.525974274147302,0.715080496622249,0.299015456344932,0.471648442791775,0.496953357476741,0.568136381683871,0.668251612689346,0.931640369584784,0.0195224108174443,1.50773399780757
2024-02-16-09:45:40,0.786281551700085,0.829250823473558,0.873151367530227,0.747786548687145,0.809346275171265,0.811100168619305,0.782224094029516,0.383021314162761,0.607933030463755,0.182928508846089,0.296974569326267,1.91316499631863
2024-02-16-09:45:42,0.979821917368099,0.535541391698644,0.869706070283428,0.843914708122611,0.952142385067418,0.962388532236218,0.869846874149516,0.203238700050861,0.945666357409209,0.912873741006479,0.273746197810397,-0.773440160884163
2024-02-16-09:45:42,0.439431536244228,0.274545363616198,0.0236886432394385,0.534759046975523,0.852053971262649,0.515409884043038,0.901552329305559,0.535265385871753,0.580624428810552,0.0664578315336257,0.829471339238808,0.689527248570686
2024-02-16-09:45:43,0.31170220207423,0.800948211923242,0.975889693479985,0.302235261537135,0.127309735864401,0.703722769627348,0.811382487881929,0.38584724906832,0.303132853005081,0.877628769725561,0.721059422940016,0.821540551164489
2024-02-16-09:45:44,0.409474952612072,0.091644694795832,0.490224198205397,0.456518182065338,0.968882349785417,0.180879510007799,0.15372962737456,0.862285359296948,0.934779137372971,0.0588105244096369,0.680555888451636,-0.0553371392681494
2024-02-16-09:45:45,0.0104671118315309,0.832107774214819,0.389170323032886,0.384342534467578,0.557101008715108,0.35496694711037,0.729758727829903,0.0935635447967798,0.844359362265095,0.951695873402059,0.384194892598316,-0.370299623093999
2024-02-16-09:45:46,0.18384952400811,0.276855072472245,0.417554959887639,0.249046854674816,0.00536444736644626,0.0499027892947197,0.759502933127806,0.0634485378395766,0.424573354888707,0.160069407895207,0.185273467097431,0.427587106444498
2024-02-16-09:45:47,0.842729318886995,0.753110099583864,0.0929258204996586,0.654626744799316,0.135763919679448,0.152553702704608,0.660819487413391,0.166764037217945,0.485665085259825,0.580835356609896,0.211702605476603,1.5307678414049
2024-02-16-09:45:48,0.231161782052368,0.964152570115402,0.161809210199863,0.95532370172441,0.00584710156545043,0.0992717186454684,0.908035086235031,0.935655231354758,0.768520151963457,0.711416690144688,0.703692154726014,0.270232227416151
2024-02-16-09:45:49,0.239099955651909,0.0814665600191802,0.405416495166719,0.291082957293838,0.816874062176794,0.280148076126352,0.38978386647068,0.442508975276724,0.252276818268001,0.280322518199682,0.262487774714828,0.87452804410351
2024-02-16-09:45:50,0.0766911653336138,0.854364746483043,0.341814444167539,0.650189086562023,0.782163587864488,0.387450202135369,0.956978344824165,0.674396282760426,0.812039961572737,0.0266316782217473,0.226348639465868,-0.130415633902078
2024-02-16-09:45:52,0.245723678031936,0.802238217089325,0.415257453219965,0.536359930876642,0.931066285818815,0.634158786386251,0.4565863693133,0.0360779990442097,0.82209540810436,0.71062245243229,0.593186295358464,-0.0552577749411252
2024-02-16-09:45:53,0.73213520552963,0.385173604590818,0.304052469087765,0.597451866604388,0.368689882336184,0.707063608802855,0.195008594542742,0.468421088065952,0.41733704158105,0.312746818875894,0.147370707243681,2.44227547651655
2024-02-16-09:45:54,0.847453165100887,0.327597399009392,0.560280537465587,0.0248982694465667,0.974454874172807,0.326018318766728,0.590719233034179,0.0456535702105612,0.916375945322216,0.855137056205422,0.0510420987848192,0.10345895379971
2024-02-16-09:45:55,0.497527267085388,0.204938702983782,0.155874150572345,0.00484173954464495,0.823743681889027,0.965183315100148,0.155398693401366,0.620033693732694,0.0708756730891764,0.471819306723773,0.0138850293587893,1.51496422004479
2024-02-16-09:45:56,0.387909029843286,0.56938266265206,0.95657976414077,0.131378254387528,0.787448863266036,0.696454447461292,0.5194960788358,0.864891988225281,0.810096084838733,0.992102828575298,0.808185500325635,-0.176409852248902
2024-02-16-09:45:57,0.246448994148523,0.888055190443993,0.0439666253514588,0.0248171037528664,0.62282583466731,0.161078194156289,0.412839690921828,0.195869160583243,0.485904471250251,0.0778639460913837,0.802564529934898,0.176446588057414
2024-02-16-09:45:58,0.111096461303532,0.529714091448113,0.372157742734998,0.0921294519212097,0.967354928841814,0.369062241632491,0.827216950245202,0.282098453259096,0.305234725121409,0.0247081376146525,0.0150438237469643,0.502571264940816
2024-02-16-09:45:59,0.389994435245171,0.58695865678601,0.962615341413766,0.475558224134147,0.49991849064827,0.30221775919199,0.563095880206674,0.865187088726088,0.617873833281919,0.575168506242335,0.595294718630612,0.497226114316482
2024-02-16-09:46:00,0.571935313986614,0.665735142538324,0.645427515730262,0.196656761225313,0.893695599632338,0.457965767476708,0.456475481856614,0.0320350471884012,0.319253370864317,0.607663982082158,0.307362789753824,1.52142058546475
2024-02-16-09:46:01,0.216892762808129,0.529892458580434,0.0612626143265516,0.814673948567361,0.401043246965855,0.823282746365294,0.1923486252781,0.78235537535511,0.652336813742295,0.00436520925723016,0.606110869906843,0.564864432161941
2024-02-16-09:46:03,0.44476800202392,0.509842899395153,0.409945928491652,0.244059228105471,0.447541609639302,0.232539350865409,0.471946834819391,0.45506949396804,0.915848306380212,0.743699993938208,0.215587522368878,-0.142528293335945
2024-02-16-09:46:04,0.21799066872336,0.0161604809109122,0.425905134063214,0.488807637942955,0.93577908212319,0.402322225272655,0.23250024439767,0.0801218885462731,0.56907903123647,0.0467767203226686,0.947869340656325,0.417923417546658
2024-02-16-09:46:05,0.502299563260749,0.0477099849376827,0.508158084703609,0.648882479639724,0.683332197368145,0.971612802939489,0.314079710748047,0.906760870013386,0.637890705838799,0.478229105239734,0.105905666947365,0.980757593857733
2024-02-16-09:46:05,0.353904571849853,0.929350682534277,0.449599910760298,0.158716470003128,0.0181631301529706,0.124420745996758,0.866852045292035,0.189006654545665,0.416069980710745,0.938555045751855,0.119490867713466,0.552738270294327
2024-02-16-09:46:06,0.64998515881598,0.769285538699478,0.623261383501813,0.836977910948917,0.165526717668399,0.63029007660225,0.444987307069823,0.746095868293196,0.796610151184723,0.0596376904286444,0.140537559753284,1.5599007001073
2024-02-16-09:46:07,0.374713956611231,0.201080616097897,0.139977931044996,0.436596529791132,0.495834498899058,0.703867005882785,0.433928418904543,0.431564079830423,0.862276194151491,0.953640901716426,0.292855366365984,-0.0380813407084554
2024-02-16-09:46:08,0.355445380788296,0.650261500384659,0.907946400810033,0.233495525084436,0.426535228034481,0.591200284194201,0.472588081145659,0.670532197225839,0.367417122004554,0.770805104402825,0.598736236337572,0.73318207447019
2024-02-16-09:46:10,0.533687945455313,0.653766682371497,0.569443274755031,0.298855992034078,0.992053120629862,0.996516271261498,0.833401712356135,0.187451212666929,0.48793856962584,0.851549400249496,0.209034521598369,1.05656755534926
2024-02-16-09:46:11,0.740334360394627,0.395253761438653,0.54828057391569,0.159421336837113,0.888950123917311,0.0453361014369875,0.0103411078453064,0.881743172882125,0.896351872012019,0.217964601237327,0.452331074979156,1.08295024658242
2024-02-16-09:46:12,0.221102937823161,0.812304828548804,0.116827622521669,0.585567104164511,0.345755371265113,0.990072537912056,0.309129474451765,0.0488674484658986,0.46382284979336,0.994472747668624,0.452829439658672,0.707620474191915
2024-02-16-09:46:13,0.41274611861445,0.547023417660967,0.762028332334012,0.14877797709778,0.705844125011936,0.745306309312582,0.086152971489355,0.220204886747524,0.209327999036759,0.693523060297593,0.381763428449631,1.1146729637336
2024-02-16-09:46:14,0.265686686849222,0.885132651543245,0.478369446704164,0.179059559712186,0.908724687062204,0.436749597778544,0.823007093043998,0.261800466105342,0.676256295992061,0.287133126053959,0.987573211546987,-0.0741787503494218
2024-02-16-09:46:15,0.629973053466529,0.553313987562433,0.78196891467087,0.339221504982561,0.676292887190357,0.153006548760459,0.471107213757932,0.767209904035553,0.734129814198241,0.817942433292046,0.0101497930008918,1.1414821164124
2024-02-16-09:46:16,0.183828490786254,0.906048111617565,0.0460265486035496,0.18390193884261,0.63910027127713,0.448865175480023,0.532335925614461,0.385962504195049,0.652694162447006,0.95942445914261,0.865486940834671,-0.0767620692440974
2024-02-16-09:46:17,0.86364411143586,0.587461367016658,0.819844667799771,0.405541522195563,0.149604527046904,0.18632471258752,0.395395429106429,0.278573109069839,0.206914217676967,0.900421502767131,0.0926982760429382,1.63327006597525
2024-02-16-09:46:19,0.746568004135042,0.423463650979102,0.269408447435126,0.613559618359432,0.601125390036032,0.426548582501709,0.454437169479206,0.0776155120693147,0.960771540412679,0.126839369302616,0.182092470349744,1.31825915066481
2024-02-16-09:46:20,0.668284649727866,0.949585322989151,0.282850414514542,0.685671334387735,0.272751235868782,0.820779866538942,0.114900947082788,0.500304862856865,0.00689716497436166,0.0596327660605311,0.447766182711348,3.16953128357239
2024-02-16-09:46:21,0.618017873261124,0.709037903463468,0.643221559468657,0.823525600135326,0.457853371044621,0.0503789142239839,0.0310908427927643,0.451451449422166,0.902166552376002,0.818412929074839,0.729090062668547,1.25625801729925
2024-02-16-09:46:22,0.372238060226664,0.41330540808849,0.948118837783113,0.373982113786042,0.222253093263134,0.325382151640952,0.0232108787167817,0.986601613229141,0.0896428602281958,0.860316375503317,0.189962323755026,1.49257101441441
2024-02-16-09:46:23,0.529835685854778,0.0183640837203711,0.00699845445342362,0.952841004589573,0.254921516869217,0.842411929508671,0.0775193453300744,0.14213434047997,0.83709477703087,0.0451996305491775,0.139311429811642,1.04395067678538
2024-02-16-09:46:24,0.874682342866436,0.566734082764015,0.351617672014982,0.0188321589957923,0.653687727171928,0.0401997929438949,0.361531095346436,0.833835751516744,0.554206041619182,0.224530511768535,0.21279262425378,0.450629883978514
2024-02-16-09:46:25,0.581750099780038,0.490063453093171,0.419045724906027,0.61237497231923,0.471993161132559,0.791872961213812,0.761408725054935,0.0295294900424778,0.603416930185631,0.704817934893072,0.168728225631639,1.31092758426831
2024-02-16-09:46:26,0.839767764788121,0.87867402122356,0.457876797067001,0.463573763845488,0.160963035654277,0.961628437507898,0.743281641742215,0.778758703731,0.811360992956907,0.098695662105456,0.853035336825997,0.756522102784205
2024-02-16-09:46:27,0.312448164913803,0.812852687900886,0.711692579323426,0.354729620506987,0.272080334601924,0.660920487483963,0.0976922034751624,0.228673940291628,0.262974624987692,0.0158910749014467,0.740015596849844,1.0181966689218
2024-02-16-09:46:28,0.70829032221809,0.854099977528676,0.919848057674244,0.882423028815538,0.712956093018875,0.00871741911396384,0.961905417498201,0.133860118454322,0.0399469463154674,0.905630844179541,0.569691319949925,3.22557680373358
2024-02-16-09:46:29,0.265017806086689,0.367895947769284,0.627110700588673,0.075802858453244,0.613353652181104,0.465789224253967,0.143204428488389,0.190610923804343,0.138287362642586,0.0490334695205092,0.855336192529649,0.944209272403922
2024-02-16-09:46:30,0.594343194039539,0.873949912842363,0.902181778335944,0.88329119165428,0.132121966220438,0.716613848693669,0.484661741182208,0.215864639729261,0.105389832984656,0.874156204983592,0.148278642212972,2.662724161376
2024-02-16-09:46:31,0.481289800489321,0.151338171446696,0.757329159183428,0.188221835764125,0.0700072532054037,0.0281821098178625,0.564910990186036,0.934171392116696,0.175405820598826,0.120570289902389,0.377457110444084,1.40132677043193
2024-02-16-09:46:32,0.26503273146227,0.28181166970171,0.137858365662396,0.215066746808589,0.966265012975782,0.845482558710501,0.932305590482429,0.988817654550076,0.961179955163971,0.404164124047384,0.319643474649638,-0.623120353507545
2024-02-16-09:46:33,0.564590434776619,0.666705157840624,0.153254878008738,0.869532291544601,0.36827027797699,0.746415409026667,0.82002477068454,0.310024928534403,0.194028641562909,0.229922983096913,0.0299319385085255,2.22317455229715
2024-02-16-09:46:34,0.913188223028556,0.977383576799184,0.191312186885625,0.0608380562625825,0.677454084623605,0.26403076434508,0.533083039568737,0.13713087933138,0.332180767785758,0.776235409313813,0.387859046226367,0.430538485756441
2024-02-16-09:46:35,0.901874389499426,0.582739736652002,0.433185140602291,0.234899600734934,0.845951730385423,0.745913676219061,0.384468980366364,0.660985806724057,0.6923006484285,0.576325166039169,0.709439024562016,0.00347211825598407
2024-02-16-09:46:36,0.274166621500626,0.526590079534799,0.0872193018440157,0.993015512824059,0.241650385316461,0.671582471346483,0.545988312223926,0.58491337671876,0.693466415861621,0.194804755505174,0.248158788075671,0.60051990140189
2024-02-16-09:46:37,0.321482756407931,0.0607822248712182,0.223780001047999,0.678197727771476,0.0351509910542518,0.172052733367309,0.796727934852242,0.344065332552418,0.286106588318944,0.424757360480726,0.647900364128873,1.15936732532807
2024-02-16-09:46:38,0.985640884377062,0.969038863666356,0.572148679522797,0.435486800502986,0.595240236725658,0.669716468313709,0.62734336219728,0.81395653844811,0.299119253410026,0.439975396031514,0.167509521357715,0.227978543164218
2024-02-16-09:46:39,0.619993310188875,0.120237128576264,0.400169178377837,0.37730994191952,0.836191128008068,0.930354031501338,0.103957000654191,0.283183959545568,0.429953913902864,0.908846454694867,0.7723926785402,1.76050715897571
2024-02-16-09:46:40,0.937314089154825,0.0883633010089397,0.565465380670503,0.46118402434513,0.362249210244045,0.850974758388475,0.191992509644479,0.845841060625389,0.382629160769284,0.46266450220719,0.479342405684292,0.461727726721674
2024-02-16-09:46:41,0.466532702324912,0.880764114903286,0.829623878700659,0.801851871656254,0.332188533386216,0.781073235208169,0.842110433615744,0.13702188548632,0.906816516304389,0.931597844231874,0.0603702547959983,0.329037801601178
2024-02-16-09:46:42,0.406832593260333,0.508370629744604,0.64211381948553,0.662966975243762,0.64473633072339,0.685842331266031,0.479376612463966,0.861947756260633,0.534761298215017,0.38945489260368,0.770712304394692,0.871803360269023
2024-02-16-09:46:43,0.659230324206874,0.337494997307658,0.391498751705512,0.46600366407074,0.958615136798471,0.591369112022221,0.777260588016361,0.067120618885383,0.607407371280715,0.80526344710961,0.87701166048646,1.61643341686101
2024-02-16-09:46:44,0.152346616843715,0.894334625452757,0.709579854737967,0.053259436506778,0.596203628461808,0.403273216914386,0.818179134977981,0.435208435403183,0.504373053088784,0.768555719871074,0.589730586856604,0.0872767144005958
2024-02-16-09:46:45,0.572867058217525,0.0319716280791909,0.108824073104188,0.23719791835174,0.510280017973855,0.128348112571985,0.296933939913288,0.680134959518909,0.504410703200847,0.340907289879397,0.609767718473449,1.20511447124641
2024-02-16-09:46:46,0.238726026844233,0.237229697406292,0.273622734239325,0.233239737572148,0.155264135915786,0.82016446441412,0.226709939306602,0.205826920224354,0.423651709454134,0.93789343861863,0.420682803727686,0.489861536052277
2024-02-16-09:46:47,0.962358936434612,0.686490351101384,0.593866932671517,0.230653600767255,0.845851005520672,0.716720472322777,0.620357893174514,0.942539047449827,0.217534701805562,0.503831279929727,0.0485146606806666,0.351677687339135
2024-02-16-09:46:48,0.601365725975484,0.225818423321471,0.160184813430533,0.0617262739688158,0.214380425633863,0.788324852474034,0.373875572811812,0.379323791945353,0.319250218337402,0.324277308071032,0.650925466557965,1.56796114413057
2024-02-16-09:46:49,0.515029727248475,0.318494588136673,0.853430238785222,0.497118609258905,0.669873244827613,0.0183160011656582,0.885972418123856,0.626240141224116,0.241620127577335,0.442645444534719,0.50189759535715,1.60578026911295
2024-02-16-09:46:50,0.402573342202231,0.173983816755936,0.847739157732576,0.24412508867681,0.61775645124726,0.174490140983835,0.125531607773155,0.183502401923761,0.00115238502621651,0.486973477527499,0.786378524964675,1.59797525133564
2024-02-16-09:46:51,0.880246541230008,0.801429583691061,0.477886812528595,0.758185538928956,0.0499997769948095,0.598648968385532,0.157996590714902,0.659207618329674,0.223817161051556,0.841602640692145,0.547026558313519,1.74125090886266
2024-02-16-09:46:52,0.364091864787042,0.14628205797635,0.773692122427747,0.547302677528933,0.949398775584996,0.0806388228666037,0.63846252579242,0.734692910686135,0.969164622016251,0.94915941148065,0.444126959890127,-0.21114123245225
2024-02-16-09:46:53,0.288239280693233,0.822717391652986,0.295400080503896,0.948066896293312,0.582552031613886,0.707315941806883,0.186130561865866,0.495679432991892,0.432402865262702,0.470369812333956,0.837797397514805,1.19701590587136
2024-02-16-09:46:54,0.170645235106349,0.330997828627005,0.0656281118281186,0.0861721923574805,0.860954337054864,0.563668774208054,0.664508679648861,0.868718743789941,0.963307128520682,0.371061983751133,0.675734973978251,-0.786391002334013
2024-02-16-09:46:55,0.172171746380627,0.374169387854636,0.44053312484175,0.947882584994659,0.51846724934876,0.282807909185067,0.512025854550302,0.831837944453582,0.255820115795359,0.225908515276387,0.0516618920955807,1.3626992353802
2024-02-16-09:46:56,0.48204260552302,0.629745423793793,0.462098857853562,0.722398868063465,0.266127483453602,0.392056765733287,0.741619840497151,0.983298825332895,0.135430539026856,0.0046066262293607,0.125985953724012,1.88934303200831
2024-02-16-09:46:57,0.252964928513393,0.0966337430290878,0.340934370178729,0.922004604712129,0.597377663478255,0.672728167846799,0.336513029644266,0.666850225068629,0.562592026544735,0.709437357727438,0.826372058596462,0.835713987079905
2024-02-16-09:46:58,0.21625478961505,0.0219937153160572,0.185140318702906,0.613840943668038,0.795576084172353,0.162179667269811,0.111268449574709,0.642860142048448,0.433249341091141,0.696368342731148,0.401428744429722,0.826213645431825
2024-02-16-09:46:59,0.674376388080418,0.993044780334458,0.506997726857662,0.160966501338407,0.689286037581041,0.108501903479919,0.402289624325931,0.0451452848501503,0.862894126446918,0.0146949514746666,0.505077991168946,0.964991790125015
2024-02-16-09:47:00,0.0476636274252087,0.583938845666125,0.019191030645743,0.18294069217518,0.480631644604728,0.533444229979068,0.542698740260676,0.190846442477778,0.915476944530383,0.187682691961527,0.337133783381432,-0.652842684152775
2024-02-16-09:47:01,0.700853087473661,0.781823065131903,0.773686039494351,0.730183562031016,0.465929388767108,0.103199100354686,0.740261287195608,0.0325872437097132,0.618308931356296,0.536854033591226,0.62384007149376,1.98460796724706
2024-02-16-09:47:02,0.351888638455421,0.891896122600883,0.55966507922858,0.589525650488213,0.618412335170433,0.0934180852491409,0.172570080962032,0.847194477915764,0.840930631151423,0.159009179566056,0.57756361970678,0.139297528913499
2024-02-16-09:47:03,0.408943997928873,0.754865453578532,0.64146263920702,0.312482362613082,0.449270514305681,0.639925142051652,0.586485426872969,0.424457255983725,0.288255118299276,0.246009987778962,0.222248051082715,1.06195165909954
2024-02-16-09:47:04,0.820951323956251,0.979203730123118,0.468432118650526,0.772794398944825,0.602707532700151,0.564042437123135,0.49984654225409,0.817203438607976,0.899128534598276,0.922314992407337,0.63957369280979,1.10279366907149
2024-02-16-09:47:05,0.918857348151505,0.0441470679361373,0.279223810648546,0.336298202164471,0.00460897409357131,0.305536519503221,0.9363585668616,0.151659993221983,0.14110324322246,0.363104607677087,0.356744915712625,0.937746857194646
2024-02-16-09:47:06,0.282528330106288,0.90340088470839,0.461216570343822,0.855676691047847,0.994994512526318,0.266009031329304,0.910303110256791,0.405844105640426,0.141916863387451,0.992817378835753,0.450808875961229,1.50296970861339
2024-02-16-09:47:07,0.961104793706909,0.865500814048573,0.792738341726363,0.580528493504971,0.406462448416278,0.632500789593905,0.152906609233469,0.722508931532502,0.57956757908687,0.725724642863497,0.400691819144413,-0.00385076056418906
2024-02-16-09:47:08,0.728394428268075,0.775407591369003,0.585565576329827,0.415722651407123,0.117951637133956,0.830757833551615,0.307297505205497,0.0596338284667581,0.995020768139511,0.149220468243584,0.221774423029274,1.09672154042003
2024-02-16-09:47:09,0.686375082004815,0.376816416857764,0.394758985843509,0.932572785299271,0.86953909532167,0.0513556152582169,0.69829416833818,0.330349223222584,0.533479852369055,0.591902024811134,0.247874999884516,2.27431781295183
2024-02-16-09:47:10,0.0528439427725971,0.042108048684895,0.811237349640578,0.4626988414675,0.540192956570536,0.99233503616415,0.763215241255239,0.776764001930133,0.128510575043038,0.848735488951206,0.17625953280367,1.12831115694962
2024-02-16-09:47:10,0.395220134640113,0.364411081653088,0.318563093896955,0.0993463299237192,0.88159766793251,0.0220871928613633,0.509869654662907,0.840459345141426,0.177119405008852,0.73399445717223,0.432306950679049,1.07301089882051
2024-02-16-09:47:12,0.477845379849896,0.273751269793138,0.581447338219732,0.465449363226071,0.0375398390460759,0.179838889045641,0.226727172033861,0.870581530267373,0.774550273315981,0.46249585878104,0.609693624079227,0.46282712294562
2024-02-16-09:47:13,0.56025326368399,0.85046748071909,0.455488957930356,0.984083857620135,0.88143396214582,0.328692074865103,0.165861424058676,0.953041901579127,0.650511102285236,0.511086887912825,0.409054721705616,1.57077760013259
2024-02-16-09:47:14,0.698261594865471,0.362401712452993,0.268803449813277,0.925272865919396,0.722349669784307,0.854895716765895,0.316137150628492,0.38395575247705,0.556174039375037,0.556383954826742,0.912583474069834,2.36975474876036
2024-02-16-09:47:14,0.915683538420126,0.304477790603414,0.555177204776555,0.43539876351133,0.769810296595097,0.184360313229263,0.0449410863220692,0.950631966581568,0.745507152751088,0.200795648619533,0.281048858771101,-0.04465015633154
2024-02-16-09:47:15,0.618351227371022,0.759135339409113,0.231230884324759,0.869720715796575,0.863593708956614,0.795356702525169,0.669568413402885,0.704104625619948,0.343212876003236,0.889190941583365,0.215601249365136,2.25651670223461
2024-02-16-09:47:16,0.428421508753672,0.844834624323994,0.54323289799504,0.300354171777144,0.500742103205994,0.858852138277143,0.746277173282579,0.421981393825263,0.391240229364485,0.154383993940428,0.552420159103349,0.881475411027099
2024-02-16-09:47:17,0.54208036721684,0.45792156108655,0.447570141172037,0.797972631175071,0.925864024320617,0.472019533859566,0.248533362522721,0.39131609397009,0.352189561817795,0.584599561057985,0.350193289341405,1.87867858486422
2024-02-16-09:47:18,0.058478488586843,0.72963166446425,0.130288136890158,0.800510711967945,0.208074670284986,0.648202839307487,0.466953222174197,0.21056674560532,0.622792105423287,0.480936974985525,0.938046422321349,0.468274646733963
2024-02-16-09:47:19,0.260856857057661,0.104078636039048,0.62172598275356,0.386925696162507,0.0271055938210338,0.32504168455489,0.0442873267456889,0.752480180934072,0.160745930159464,0.197283214656636,0.629557105246931,1.206416824263
2024-02-16-09:47:20,0.397151953307912,0.219983177725226,0.547994283260778,0.38158969511278,0.315793072106317,0.46613745810464,0.0982659002766013,0.445077850483358,0.246435532346368,0.978424471337348,0.436979672638699,1.22927610222367
2024-02-16-09:47:21,0.197744736680761,0.953951247734949,0.149244213709608,0.645515614189208,0.660112249664962,0.94240728369914,0.897094524232671,0.453314842423424,0.947668921202421,0.319031463703141,0.289577150018886,-0.333084276301994
2024-02-16-09:47:22,0.83192756283097,0.752037541242316,0.559545869240537,0.861667454242706,0.31469130073674,0.245464298641309,0.615148483077064,0.0832508592866361,0.988341624848545,0.0447886961046606,0.0366631511133164,0.837039761071124
2024-02-16-09:47:23,0.152887222822756,0.818955383263528,0.42688557645306,0.656632670899853,0.944461387814954,0.0224570592399687,0.640710000181571,0.365169028751552,0.535662978887558,0.753686090698466,0.548381134169176,0.522348134538721
2024-02-16-09:47:24,0.803418542025611,0.417777101742104,0.447730098385364,0.516326073557138,0.778970579849556,0.967071830527857,0.461002120980993,0.894952905829996,0.0453076865524054,0.566858948906884,0.320374064147472,2.77462680681107
2024-02-16-09:47:25,0.546826156554744,0.593838493106887,0.833294771611691,0.148781583411619,0.339431246276945,0.260048856958747,0.279731452930719,0.544437845936045,0.602266454603523,0.00974699202924967,0.48101906129159,0.795430288362451
2024-02-16-09:47:26,0.662317642010748,0.798823557794094,0.719587282743305,0.612765902886167,0.481646264670417,0.654107216512784,0.944950246019289,0.0308270663954318,0.721679317299277,0.300754070747644,0.809306873939931,1.4851623187078
2024-02-16-09:47:27,0.171698493883014,0.888408650411293,0.456886755535379,0.0419668189715594,0.415994798764586,0.0753812375478446,0.0230717244558036,0.388433083193377,0.583022876409814,0.863295207964256,0.21880022669211,-0.0518826216646691
2024-02-16-09:47:28,0.633055359823629,0.385191593319178,0.521264262963086,0.498358992626891,0.776333899470046,0.969246099004522,0.177312726154923,0.113395245978609,0.526473444188014,0.232148367678747,0.0893763161730021,1.74955520460809
2024-02-16-09:47:29,0.311869746772572,0.0903220842592418,0.24245707760565,0.739508221624419,0.485427005914971,0.918539323844016,0.971428127260879,0.277254458982497,0.353766745654866,0.058539804071188,0.797137798042968,1.01432048539755
2024-02-16-09:47:30,0.724554346408695,0.625743637094274,0.0758608346804976,0.753899779403582,0.01529910415411,0.868152536218986,0.799737756373361,0.719519831007347,0.080061785178259,0.711049911566079,0.174407070269808,3.1248795269674
2024-02-16-09:47:31,0.398939824663103,0.745636217296124,0.391295091249049,0.0630937411915511,0.642451295163482,0.424378974828869,0.999651014106348,0.376025184988976,0.128392816288397,0.5087485301774,0.801309483824298,1.14263885006031
2024-02-16-09:47:32,0.969356411136687,0.085378457326442,0.0131082159932703,0.442481933394447,0.234829984838143,0.781031975988299,0.260743452701718,0.634459954453632,0.365875389659777,0.404947039438412,0.0369422144722193,0.230467476886341
2024-02-16-09:47:33,0.967398370616138,0.300517611205578,0.867499468615279,0.500671699177474,0.747025883058086,0.299905892694369,0.582182658370584,0.496747792465612,0.600146495504305,0.424513918114826,0.847115306183696,-0.222176806517981
2024-02-16-09:47:34,0.726702539017424,0.614562157308683,0.992615673691034,0.270243100356311,0.295607374515384,0.289452788420022,0.072294166078791,0.807486457750201,0.237843368668109,0.913965784478933,0.821639210684225,2.50082194132247
2024-02-16-09:47:35,0.257216746453196,0.752932057948783,0.7088553882204,0.598802149062976,0.906218191608787,0.999273833120242,0.802283700322732,0.582188408123329,0.018146054353565,0.902006491553038,0.89760041795671,1.55866127550993
2024-02-16-09:47:36,0.221787934657186,0.91705713304691,0.826715490315109,0.73583762627095,0.853324017953128,0.98703720793128,0.880565365077928,0.172012803377584,0.309872929705307,0.218065282329917,0.374296884983778,1.02688294721892
2024-02-16-09:47:37,0.593045651679859,0.475750505691394,0.891896269517019,0.713577811839059,0.461963776964694,0.480046341195703,0.889629539102316,0.937291039619595,0.0780126599129289,0.574894546996802,0.306301347445697,2.46906267168539
2024-02-16-09:47:38,0.267521432135254,0.567119466140866,0.53941073268652,0.116492936853319,0.0713482482824475,0.762275066226721,0.0113270068541169,0.0538108746986836,0.250912423478439,0.0406531363260001,0.918964058393613,0.761519104822497
2024-02-16-09:47:39,0.531070398865268,0.736620346084237,0.555313591845334,0.57512061833404,0.577803724445403,0.328611925011501,0.241400566184893,0.0872321871574968,0.140874939505011,0.540597511455417,0.321151257259771,2.04807977808681
2024-02-16-09:47:40,0.785291671287268,0.857447424437851,0.276439883746207,0.798131987219676,0.579579334007576,0.236238847253844,0.607268897583708,0.841558005660772,0.370114748133346,0.112828462384641,0.925317452521995,2.47370043276255
2024-02-16-09:47:41,0.168060810538009,0.909146504476666,0.659197925822809,0.231823796639219,0.993576776934788,0.617860030382872,0.362720564939082,0.420889260945842,0.140365454135463,0.757453867699951,0.6030377978459,0.992895496373609
2024-02-16-09:47:42,0.404399181017652,0.0563822253607213,0.243435242446139,0.724855825537816,0.335274414392188,0.340449265437201,0.709208659362048,0.717486052773893,0.567996666068211,0.111144179478288,0.581164518138394,0.80440992773418
2024-02-16-09:47:43,0.471576277632266,0.502908304100856,0.288266204763204,0.838023197837174,0.666801774175838,0.0583910276181996,0.0420729606412351,0.736150731099769,0.542680406942964,0.204114401014522,0.735679200384766,1.2990374894065
2024-02-16-09:47:44,0.868106806883588,0.350544773042202,0.715780958533287,0.118838570779189,0.938556001987308,0.981945822248235,0.657171030761674,0.987470545107499,0.163693082751706,0.767703813267872,0.399678699439391,1.40194157247416
2024-02-16-09:47:45,0.9257079558447,0.845556122949347,0.727533633122221,0.958950396627188,0.574856834951788,0.688040121691301,0.230689442018047,0.960967119550332,0.945032742572948,0.422344665275887,0.367069035768509,-0.091599084890708
2024-02-16-09:47:46,0.88197755930014,0.806435163831338,0.173043038696051,0.747764584375545,0.691711413906887,0.862182220909745,0.272977372631431,0.141793734394014,0.625892563955858,0.54695398081094,0.43121137120761,0.88191115887511
2024-02-16-09:47:47,0.674186842516065,0.11733122728765,0.306311258813366,0.810889478772879,0.0897585870698094,0.461695483652875,0.73316377773881,0.664951315848157,0.0648451715242118,0.880518837366253,0.336021848022938,3.05352374601071
2024-02-16-09:47:48,0.950166979338974,0.712686554994434,0.369907276704907,0.189917723415419,0.866459244629368,0.126027198508382,0.178256200859323,0.0331542422063649,0.180918276077136,0.727629451546818,0.698086792370304,0.500259551789382
2024-02-16-09:47:49,0.516444894252345,0.235268858028576,0.0777215543203056,0.0259687774814665,0.501139396801591,0.680295445257798,0.385634268634021,0.494513350538909,0.667738135438412,0.75284618884325,0.268198177218437,0.417269060972331
2024-02-16-09:47:50,0.576519021298736,0.0749567511957139,0.713150188792497,0.863782292231917,0.223256284138188,0.0199487851932645,0.68435456068255,0.791352422675118,0.906726876972243,0.600738950073719,0.853492402005941,0.892508620381951
2024-02-16-09:47:51,0.336331205908209,0.935646147234365,0.550922729074955,0.919179865391925,0.412419241620228,0.162958639673889,0.415191047592089,0.379209753591567,0.815818716306239,0.101066739298403,0.930856707505882,0.409027232409941
2024-02-16-09:47:52,0.34732463140972,0.157167825149372,0.135865396354347,0.137627987889573,0.886306279571727,0.89581583510153,0.542161838850006,0.948299361392856,0.442474439740181,0.826222706120461,0.46469203196466,0.487652490806633
2024-02-16-09:47:53,0.0200243005529046,0.647057350026444,0.974163694074377,0.477648621890694,0.495593437226489,0.153157744556665,0.455189880216494,0.660675780382007,0.161201414419338,0.738248956389725,0.00606797146610916,1.10703304906522
2024-02-16-09:47:54,0.502813045633957,0.173517746152356,0.561963158892468,0.462961500277743,0.672753727762029,0.258641593623906,0.127064438303933,0.432765095261857,0.165773016633466,0.882975653978065,0.940810883650556,1.78808917072421
2024-02-16-09:47:55,0.871043413644657,0.0200740091968328,0.788409381639212,0.700178611092269,0.282504437956959,0.244024680228904,0.0311842460650951,0.838682598201558,0.47894586995244,0.0841650082729757,0.433457627659664,1.32639043976761
2024-02-16-09:47:56,0.00630078394897282,0.521313846344128,0.848914084257558,0.0655749011784792,0.817058302927762,0.311864907387644,0.165653203846887,0.804698722902685,0.395862681325525,0.829472503392026,0.833201250061393,0.285314110831
2024-02-16-09:47:57,0.0720571239944547,0.0862778932787478,0.878041774732992,0.733039993327111,0.2460994545836,0.221246689558029,0.798880711663514,0.427062305156142,0.794919659616426,0.274816288612783,0.515241026645526,-0.00262779203048637
2024-02-16-09:47:58,0.164211224997416,0.283002346055582,0.800476373871788,0.395931590348482,0.369646193925291,0.0305468428414315,0.142388037405908,0.329390509519726,0.769837093772367,0.334215859882534,0.480038195848465,-0.0946646995600831
2024-02-16-09:47:59,0.770334074273705,0.420434901025146,0.640148486476392,0.461487844819203,0.235524395015091,0.9030366090592,0.0744408417958766,0.565040512941778,0.399164953269064,0.887037044391036,0.144661127123982,2.29734140041342
2024-02-16-09:47:59,0.735184305813164,0.587278124177828,0.628927760757506,0.725299363257363,0.93575692595914,0.959397464292124,0.028574007563293,0.861229171976447,0.630196794867516,0.191326073836535,0.0579457553103566,2.18122096260723
2024-02-16-09:48:00,0.971875635674223,0.806694429600611,0.271409004693851,0.470002647023648,0.415076828328893,0.942848661448807,0.417391903232783,0.585871024755761,0.412669114535674,0.0121913377661258,0.65003904979676,0.119603766635282
2024-02-16-09:48:02,0.466472376836464,0.201995208859444,0.0299398254137486,0.999523977516219,0.137449405388907,0.453300039982423,0.8540280375164,0.645120128290728,0.365390750579536,0.705344221321866,0.373553782701492,1.55497098374747
2024-02-16-09:48:03,0.0743845133110881,0.459424671716988,0.41986421495676,0.845935791730881,0.914364723023027,0.437665002420545,0.330488940468058,0.767084069550037,0.620854882756248,0.0376187188085169,0.0245865508913994,0.549988509640453
2024-02-16-09:48:04,0.648818124318495,0.448143113870174,0.35543467104435,0.828207303769886,0.347641376079991,0.0501661477610469,0.444436515681446,0.692857024027035,0.955958032282069,0.822525524534285,0.0748334641102701,1.2268477554149
2024-02-16-09:48:05,0.758593169506639,0.733747758204117,0.392331253970042,0.761644344311208,0.852930875727907,0.359821268357337,0.413483235985041,0.866797682829201,0.476072539808229,0.903434539213777,0.830203277524561,2.40140492399569
2024-02-16-09:48:06,0.137106081005186,0.714754810556769,0.171936832368374,0.112106491811574,0.142635178752244,0.896644064690918,0.351750784087926,0.094697552267462,0.62046377081424,0.166457612067461,0.734294305322692,-0.0838698389131728
2024-02-16-09:48:07,0.396584594622254,0.831221978878602,0.319642119342461,0.838977019302547,0.359432870987803,0.371063167229295,0.927850279491395,0.609939294168726,0.289224087027833,0.207595467101783,0.0481201356742531,1.37957651186377
2024-02-16-09:48:08,0.224985329201445,0.886566120898351,0.413555064238608,0.813850524136797,0.245505067519844,0.503285011276603,0.930054556345567,0.240874789655209,0.407567722257227,0.795880174264312,0.725076202768832,0.876446438447534
2024-02-16-09:48:09,0.0579585605300963,0.952644573990256,0.759335696697235,0.991412194212899,0.0459059465210885,0.527599306078628,0.280263159889728,0.469641658943146,0.444877186091617,0.893196298275143,0.0138067174702883,1.048873427794
2024-02-16-09:48:10,0.395892688306049,0.550616721855476,0.271890205098316,0.0483145248144865,0.784547902178019,0.170270065078512,0.729309949558228,0.28392208670266,0.283533689798787,0.243682951433584,0.610956511693075,0.815163469384098
2024-02-16-09:48:11,0.0649282999802381,0.522335766116157,0.115582457045093,0.746787912445143,0.199171734508127,0.53859877679497,0.216784899588674,0.918441278627142,0.970138955162838,0.433193228440359,0.222563603427261,-0.215770749738974
2024-02-16-09:48:11,0.225886432919651,0.170698255300522,0.0293366149999201,0.419313521590084,0.391850244253874,0.11049344507046,0.940247777383775,0.399744049180299,0.882598839234561,0.398153306450695,0.62049130955711,-0.357390084977458
2024-02-16-09:48:12,0.05462910910137,0.479271559976041,0.806855297880247,0.58214389719069,0.323562244651839,0.614105034386739,0.0642989731859416,0.565344660310075,0.808850640896708,0.665592774981633,0.564378730254248,-0.0195484755587015
2024-02-16-09:48:13,0.670282039558515,0.253820796497166,0.480126436566934,0.83073406224139,0.602105905069038,0.544976426986977,0.988668913953006,0.0808770123403519,0.708226453978568,0.305196897126734,0.507469573058188,1.69343305933582
2024-02-16-09:48:14,0.297741782618687,0.0397806370165199,0.806247940286994,0.0135306273587048,0.541271679569036,0.22762869251892,0.210208480246365,0.942700184881687,0.180201602866873,0.791970914928243,0.257340217474848,0.837569221982188
2024-02-16-09:48:15,0.100721582304686,0.634800509782508,0.0790056816767901,0.0115217631682754,0.990823732689023,0.901508652605116,0.318532433127984,0.735778605332598,0.0639757097233087,0.341226793127134,0.358907588757575,0.921164825083311
2024-02-16-09:48:16,0.0719040972180665,0.539560914039612,0.115337409544736,0.996445707278326,0.25379104912281,0.198526436695829,0.121769886463881,0.475312216207385,0.106581010855734,0.257454871665686,0.287982937181368,1.78216506445281
2024-02-16-09:48:17,0.880440568784252,0.140103549929336,0.12941628950648,0.76568966708146,0.735269893193617,0.421812117565423,0.584214246133342,0.181843248661608,0.84818431828171,0.0039615232963115,0.190012896200642,0.397592520134502
2024-02-16-09:48:18,0.754247402073815,0.283711776835844,0.738748542033136,0.314662610646337,0.977608161047101,0.884361858014017,0.658343411516398,0.730366880539805,0.359430208569393,0.380338864866644,0.630510222865269,2.23198681313212
2024-02-16-09:48:19,0.816605887608603,0.583030595211312,0.757098533445969,0.812011744361371,0.558046241756529,0.238200846593827,0.996165027609095,0.61462704394944,0.785000595031306,0.599426568718627,0.0107714908663183,1.29107739759862
2024-02-16-09:48:20,0.982140373671427,0.165025892201811,0.992455308558419,0.99121921742335,0.392708159517497,0.291630598250777,0.194067566888407,0.0610415900591761,0.908038844354451,0.339035388082266,0.144822453614324,-0.400604404682978
2024-02-16-09:48:21,0.103599644964561,0.0963011106941849,0.624552987283096,0.200759592931718,0.82468925928697,0.876395269529894,0.816496719140559,0.0532953832298517,0.63342471793294,0.175784240942448,0.509368165628985,-0.0759119499613103
2024-02-16-09:48:22,0.0990418293513358,0.428613091353327,0.288690108573064,0.646037220256403,0.112384460866451,0.619072475004941,0.619452059967443,0.455256314948201,0.615116288419813,0.997569354483858,0.465793010080233,0.336933706491906
2024-02-16-09:48:23,0.798831611173227,0.355761565733701,0.199911774368957,0.437550728907809,0.535777904093266,0.857298753689975,0.98560710856691,0.180962136946619,0.0675399040337652,0.265399608761072,0.521044447785243,2.63348591235349
2024-02-16-09:48:24,0.784575266530737,0.844933539861813,0.800917848711833,0.938028261531144,0.443831584881991,0.477284332504496,0.441791965160519,0.491305924020708,0.241493882378563,0.55019224784337,0.690734359901398,2.89852241654737
2024-02-16-09:48:25,0.00942990509793162,0.260132473660633,0.727762710303068,0.98800330539234,0.273957212688401,0.894230959936976,0.724185222759843,0.98187144822441,0.410778202814981,0.135244666365907,0.999941356480122,0.968035858684787
2024-02-16-09:48:26,0.779065882787108,0.023144492181018,0.217047974700108,0.456319560995325,0.157357535790652,0.169069356750697,0.0758486231788993,0.224122107261792,0.811175012029707,0.681822216138244,0.948869485873729,1.42238965487244
2024-02-16-09:48:27,0.729390651918948,0.862399539677426,0.744238505372778,0.230614943196997,0.871838073711842,0.621070137713104,0.63034275197424,0.712528655305505,0.379141225945204,0.450351065490395,0.952449404634535,2.14600633073433
2024-02-16-09:48:28,0.630131852813065,0.334587961202487,0.866653708275408,0.695489268517122,0.562044856371358,0.722760529723018,0.214586451416835,0.150126059306785,0.446950230514631,0.366644565947354,0.684191405307502,2.06596197234622
2024-02-16-09:48:29,0.480910829966888,0.631788871716708,0.52940575638786,0.556632344610989,0.550689758267254,0.190216163406149,0.919127551838756,0.525725839426741,0.570507782511413,0.386131340404972,0.736147050047293,0.856660504999415
2024-02-16-09:48:30,0.15663685137406,0.546426258748397,0.598638546885923,0.584710089489818,0.592365285614505,0.568715502275154,0.811952003277838,0.828475823393092,0.131212369306013,0.404471194371581,0.956805660156533,1.23992618834742
2024-02-16-09:48:31,0.00821551983244717,0.376444493187591,0.937632332323119,0.433631246909499,0.727812862722203,0.671531327534467,0.856115926988423,0.126860544318333,0.0130183685105294,0.827564720995724,0.207260221242905,1.31097862396258
2024-02-16-09:48:32,0.452458394225687,0.185873015085235,0.950724098365754,0.426175052765757,0.638925284612924,0.919210898689926,0.816757245920599,0.819683281704783,0.677669727476314,0.916014791233465,0.674783249851316,0.462350649212185
2024-02-16-09:48:33,0.492293328745291,0.428940591169521,0.660532301291823,0.596854395465925,0.614450164837763,0.325559697812423,0.417101690312847,0.246003416366875,0.835155610926449,0.761202927213162,0.0976812455337495,0.483974398566791
2024-02-16-09:48:34,0.389587111538276,0.630773598561063,0.0722865809220821,0.452085584867746,0.0524168505799025,0.546752070309594,0.977549103787169,0.0970179655123502,0.936263481155038,0.367348681902513,0.498706974321976,-0.21847304187573
2024-02-16-09:48:35,0.464665941894054,0.520842351252213,0.826331578660756,0.956608658656478,0.565157752949744,0.00499117863364518,0.499363659881055,0.163701453479007,0.0584506138693541,0.691388094099239,0.758050633128732,2.23141161109914
2024-02-16-09:48:36,0.713279000716284,0.659621337195858,0.47954407799989,0.844430350000039,0.587341380305588,0.370116141391918,0.498571664560586,0.664355203974992,0.668025794206187,0.508032679790631,0.0120185827836394,2.07219030215888
2024-02-16-09:48:37,0.0553019263315946,0.729360931320116,0.391228783410043,0.222768602659926,0.62856707512401,0.637621424626559,0.343472252134234,0.677428116789088,0.385856540640816,0.0194259374402463,0.159876244142652,0.460787421314015
2024-02-16-09:48:38,0.354783097514883,0.486822873353958,0.299122775672004,0.420170177007094,0.621890645008534,0.609607010148466,0.0673493940848857,0.132951876148582,0.576129043940455,0.646899139974266,0.110351946204901,0.529356904070274
2024-02-16-09:48:40,0.802812272915617,0.384456615662202,0.244308249559253,0.41998293553479,0.082270042039454,0.818292169133201,0.907365338876843,0.979523984715343,0.138814177829772,0.623007664456964,0.802990178111941,2.45237629503919
2024-02-16-09:48:41,0.835708837024868,0.00683350884355605,0.421810131752864,0.0207908488810062,0.0776426121592522,0.117891796631739,0.221119735622779,0.146612475626171,0.255833853268996,0.332971109310165,0.37487742677331,1.57484931893156
2024-02-16-09:48:42,0.237749404972419,0.00368422758765519,0.937770176911727,0.380447969539091,0.687094689812511,0.66335767111741,0.297663893084973,0.941816753940657,0.313060884131119,0.0262868364807218,0.630638615461066,0.83394538242394
2024-02-16-09:48:43,0.353986102622002,0.994936440140009,0.264485116582364,0.422348427586257,0.830303592374548,0.201607255265117,0.658542462624609,0.700351744890213,0.715117806801572,0.974947359180078,0.761851345654577,0.176891988403728
2024-02-16-09:48:44,0.856885420158505,0.107886880170554,0.568568754009902,0.191426063422114,0.145909875165671,0.586859541479498,0.566619909601286,0.567962903529406,0.188679528888315,0.991274856962264,0.248619792051613,1.56865895020587
2024-02-16-09:48:46,0.853763373801485,0.41866915835999,0.202184567693621,0.705329281743616,0.783530072309077,0.695069978712127,0.971292390022427,0.246348989428952,0.14218128984794,0.0765798087231815,0.373531832359731,2.04581340773933
2024-02-16-09:48:46,0.295895455405116,0.717884546611458,0.192805626895279,0.0135204752441496,0.486450079130009,0.528288147877902,0.104932233225554,0.340871532447636,0.574111616471782,0.53794487263076,0.339475193526596,0.0446890355769255
2024-02-16-09:48:47,0.147048324579373,0.742539132246748,0.718611745163798,0.731203105766326,0.989265105454251,0.369521510088816,0.543798925820738,0.839761945419014,0.0491502727381885,0.977852743119001,0.706658351700753,1.57454815449252
2024-02-16-09:48:49,0.703992061316967,0.871998823713511,0.313517895527184,0.432724097976461,0.499104954535142,0.698472405551001,0.915372134884819,0.921521466225386,0.435007651569322,0.109674719395116,0.571662957780063,2.11295366259485
2024-02-16-09:48:50,0.103806688217446,0.607867961050943,0.138390127336606,0.731240093009546,0.562260535079986,0.47370445728302,0.872937403619289,0.515364887192845,0.48271016147919,0.36257217801176,0.143707086797804,0.617728829288815
2024-02-16-09:48:51,0.0337277729995549,0.756203351309523,0.0580306977499276,0.013941552489996,0.378257020609453,0.230807848041877,0.904538909206167,0.888112198328599,0.464816900668666,0.49981935787946,0.296657427214086,0.100334240196508
2024-02-16-09:48:52,0.999404527945444,0.847241298062727,0.931099641136825,0.045313308481127,0.518637197325006,0.454134696628898,0.778780563501641,0.704072203021497,0.486201937077567,0.912628401536494,0.391992470948026,-0.511568475855783
2024-02-16-09:48:53,0.0348748040851206,0.612779648974538,0.568338012089953,0.418414376443252,0.0742837921716273,0.0791919191833586,0.167171070119366,0.423762789694592,0.737584884976968,0.572060834616423,0.522202988388017,-0.0536248726746605
2024-02-16-09:48:54,0.338391283759847,0.793224167777225,0.117770360549912,0.643840002128854,0.538472344167531,0.257680573733523,0.121384909143671,0.300269103376195,0.990986311808228,0.0227945747319609,0.585898180957884,-0.124884745437817
2024-02-16-09:48:55,0.91506376164034,0.0228546834550798,0.564794481499121,0.219793785596266,0.961061000823975,0.554080500733107,0.11829413054511,0.9633844406344,0.840408358722925,0.855229625944048,0.309076183708385,-0.447105952476473
2024-02-16-09:48:56,0.617235269630328,0.416914549656212,0.540256182895973,0.833442652830854,0.527810139581561,0.0217597931623459,0.432067591231316,0.124820596072823,0.111926322104409,0.830484241712838,0.359653278021142,2.7426110733161
2024-02-16-09:48:58,0.286285348702222,0.874882387463003,0.819682518485934,0.694767313543707,0.437159451888874,0.211102063767612,0.777386966859922,0.680340532911941,0.861421876121312,0.878151063108817,0.929308573249727,-0.0185942624368225
2024-02-16-09:48:59,0.737797403009608,0.647347015561536,0.70297950389795,0.899124485207722,0.0322669965680689,0.636393392225727,0.904098095139489,0.81983914365992,0.567851287778467,0.809602189343423,0.544918006518856,2.24067485563635
2024-02-16-09:49:00,0.834054309176281,0.924478986766189,0.567748373607174,0.414240285288543,0.037734180688858,0.716973771108314,0.426466280128807,0.216274821897969,0.683278919896111,6.53367023915052e-05,0.589025523047894,1.08094388026086
2024-02-16-09:49:01,0.314270780421793,0.172225096030161,0.721309266285971,0.411004703259096,0.047348293941468,0.776862405473366,0.809511106228456,0.594087179051712,0.78960547875613,0.10182573297061,0.251190535491332,-0.0659279291229007
2024-02-16-09:49:02,0.492566547822207,0.315812789136544,0.752444213489071,0.250014989404008,0.160959035623819,0.0732085653580725,0.468375103781,0.161695930641145,0.402525533223525,0.834825876867399,0.388767195399851,1.04304411295291
2024-02-16-09:49:03,0.697373766219243,0.804256279254332,0.381422596750781,0.373767039040104,0.469097393332049,0.0987483714707196,0.678603097330779,0.405526519520208,0.853277189424261,0.221147396136075,0.645926255965605,1.23263666360759
2024-02-16-09:49:04,0.641462353989482,0.988963411189616,0.28801028127782,0.231892732670531,0.80592397483997,0.94639556040056,0.758725884137675,0.238885099068284,0.189605532446876,0.0304163766559213,0.365266053471714,2.17952116647988
2024-02-16-09:49:05,0.643922914983705,0.322385551873595,0.531683327164501,0.931603164644912,0.280597516102716,0.930883407825604,0.683359615271911,0.527598845539615,0.495721633080393,0.576726021710783,0.467699150089175,2.1422981296439
2024-02-16-09:49:07,0.977853404823691,0.00119162839837372,0.259646071353927,0.47634475515224,0.754783985204995,0.921451541595161,0.84757961332798,0.670954801142216,0.120044349227101,0.756879760418087,0.177018090616912,0.626148103232728
2024-02-16-09:49:08,0.414735334459692,0.992170619312674,0.83179031778127,0.0476650029886514,0.521825814852491,0.649938648333773,0.311569909565151,0.907564970199019,0.228663306217641,0.873654059367254,0.481236948864534,0.978592062900997
2024-02-16-09:49:09,0.119404779979959,0.148352391785011,0.405363884754479,0.773531056009233,0.288947193184868,0.156350366072729,0.182766802608967,0.332797182491049,0.905497896485031,0.0603659139014781,0.931580249452963,-0.0298014520811208
2024-02-16-09:49:10,0.526029660133645,0.0493642971850932,0.0726319255772978,0.331117329420522,0.0173772014677525,0.91014366876334,0.0935201700776815,0.242536499397829,0.473774873185903,0.221838358789682,0.025660429848358,1.14683112241623
2024-02-16-09:49:11,0.225073350826278,0.597353482618928,0.953758624615148,0.552876470610499,0.668349529849365,0.922061887802556,0.0147945936769247,0.309988736175001,0.540476779220626,0.414025172125548,0.3831839018967,0.576266860686726
2024-02-16-09:49:13,0.486411764053628,0.321328443475068,0.217183782951906,0.676330528920516,0.0669759646989405,0.169240613933653,0.902413302799687,0.226805534912273,0.973795318976045,0.411329629831016,0.250261021545157,0.162763838074176
2024-02-16-09:49:14,0.370214798487723,0.527929000323638,0.405625266721472,0.277334370883182,0.836386426817626,0.0733673155773431,0.796052918070927,0.123003134503961,0.972429021494463,0.579390329774469,0.577646822901443,-0.43377628900008
2024-02-16-09:49:15,0.983350180787966,0.795422020368278,0.62566831544973,0.0528556783683598,0.135343155823648,0.566228931071237,0.0777718985918909,0.267755625536665,0.685359469614923,0.941948951454833,0.0681589203886688,-0.837130649635587
2024-02-16-09:49:16,0.388319115154445,0.0689325968269259,0.628404803806916,0.42575858370401,0.655878108460456,0.365405296906829,0.101743090432137,0.923653637059033,0.77995915315114,0.987598597304896,0.650364690693095,0.184644089099124
2024-02-16-09:49:17,0.229244840331376,0.69502069731243,0.328238664194942,0.610118482029065,0.837947728810832,0.460166618926451,0.173892091494054,0.0564841595478356,0.0204532174393535,0.12979784887284,0.0541679377201945,1.6452108969449
2024-02-16-09:49:19,0.623297546291724,0.948631507344544,0.138909491943195,0.976046035066247,0.257647996069863,0.46473691239953,0.528678020462394,0.501455146819353,0.728465740568936,0.274874981492758,0.291063724318519,1.63872183054948
2024-02-16-09:49:20,0.136540197068825,0.277769317384809,0.91465717041865,0.969800120219588,0.135995285119861,0.77890710812062,0.73531401460059,0.793785936199129,0.922698445850983,0.828382821753621,0.310694370884448,-0.0313328373201187
2024-02-16-09:49:21,0.967469494324178,0.249406585237011,0.599115967284888,0.0884845573455095,0.763488414231688,0.823666376294568,0.118218665011227,0.837927345186472,0.4404577978421,0.991258719004691,0.441692827036604,-0.231619619300415
2024-02-16-09:49:22,0.515071807894856,0.159435480134562,0.749607095960528,0.498380037257448,0.211996233323589,0.282355052186176,0.103439392056316,0.576273668324575,0.705574781168252,0.673200558172539,0.436126099200919,0.795899952307177
2024-02-16-09:49:23,0.163070329232141,0.0716300560161471,0.918954745167866,0.395689367782325,0.26796959922649,0.729978314135224,0.55226346408017,0.241850089980289,0.816724790958688,0.0773890644777566,0.992179237306118,-0.233556584158764
2024-02-16-09:49:25,0.621902295155451,0.557437583105639,0.528765395982191,0.390331929083914,0.531831194646657,0.495971685973927,0.290518567897379,0.582062224857509,0.486609313404188,0.134403405478224,0.61164162075147,1.65015721103235
2024-02-16-09:49:26,0.985954165225849,0.48983705160208,0.371978746028617,0.318499490851536,0.474116867408156,0.0662683011032641,0.440440524602309,0.137515567243099,0.842999417567626,0.338096778606996,0.315001497743651,-0.941564480070235
2024-02-16-09:49:27,0.668771517463028,0.494292361894622,0.0658083211164922,0.682575054233894,0.373443664982915,0.0376478305552155,0.118444304447621,0.482712324010208,0.492873826297,0.252108980203047,0.862421339377761,2.19513088322368
2024-02-16-09:49:28,0.418915896909311,0.888371585169807,0.854369923705235,0.284614907577634,0.775349928531796,0.237585074035451,0.921618608292192,0.0936856127809733,0.0176692183595151,0.250823636073619,0.337695898953825,1.57290856278669
2024-02-16-09:49:29,0.323344993172213,0.0367043598089367,0.510411301394925,0.39009471423924,0.558203970082104,0.218396110227332,0.732589497929439,0.304969527991489,0.440465257968754,0.783267917577177,0.671623393893242,0.638459085461832
2024-02-16-09:49:30,0.835255319951102,0.203743813559413,0.20999805862084,0.990168560296297,0.155236621154472,0.422386274905875,0.46153046307154,0.676705354591832,0.477924662875012,0.17378633026965,0.899515088181943,1.9703179870545
2024-02-16-09:49:31,0.143817043630406,0.513781139161438,0.375843436690047,0.792005731491372,0.989418448414654,0.549751633079723,0.672314426861703,0.205134988296777,0.601240573916584,0.598303915699944,0.84424779121764,0.486865137859272
2024-02-16-09:49:33,0.192815946880728,0.236339889001101,0.207365499809384,0.312405151547864,0.24444643035531,0.713737604673952,0.288494411157444,0.394918506033719,0.443246723385528,0.691583044361323,0.0895994319580495,0.484019804989154
2024-02-16-09:49:34,0.896738682640716,0.575435669859871,0.459240817232057,0.817117730388418,0.130378512199968,0.23999410867691,0.663445411249995,0.802853106055409,0.307177442824468,0.922935599228367,0.299336316529661,1.28579970296893
2024-02-16-09:49:35,0.308119554305449,0.482257911469787,0.241502250079066,0.22090977220796,0.212681135395542,0.895682013127953,0.375068643130362,0.22832069452852,0.67298921640031,0.689974983921275,0.530868537491187,0.0445680511298674
2024-02-16-09:49:36,0.363300543511286,0.569352688733488,0.118690322386101,0.501073820283636,0.380004248348996,0.482623788062483,0.67092354176566,0.0769075178541243,0.609114264138043,0.273658976890147,0.379101973725483,0.462660915524155
2024-02-16-09:49:37,0.783946478739381,0.144152315100655,0.0724691497161984,0.166972296312451,0.359621168812737,0.262847001897171,0.41272456292063,0.778224907815456,0.973678541136906,0.0109451594762504,0.845250867307186,0.769007029174938
2024-02-16-09:49:38,0.193378679919988,0.145708762574941,0.690989849856123,0.119659194489941,0.302662048954517,0.319918760331348,0.711320234229788,0.670139696681872,0.175834712339565,0.0432195975445211,0.861076566390693,0.832391121989792
2024-02-16-09:49:39,0.0177658118773252,0.412283112993464,0.286957619246095,0.89760996773839,0.0443997136317194,0.66430197423324,0.281075957231224,0.511109673650935,0.973226474830881,0.167897800449282,0.681338283931836,-0.105655053819651
2024-02-16-09:49:40,0.406607866287231,0.6830102824606,0.149412495549768,0.093714878661558,0.934783352771774,0.728051361395046,0.738704477902502,0.214002060238272,0.579317138763145,0.852640826487914,0.500481596682221,0.291409211600869
2024-02-16-09:49:41,0.483167669270188,0.653427820419893,0.972432009177282,0.865058556664735,0.568717029877007,0.571435950929299,0.574921453837305,0.187693298794329,0.738125260453671,0.0459133461117744,0.800949105760083,0.838543153864793
2024-02-16-09:49:43,0.421844950178638,0.915986333042383,0.410514390328899,0.276591463712975,0.220802745083347,0.878695076331496,0.0244959855917841,0.611147175775841,0.865817889105529,0.271387636428699,0.0464548612944782,-0.0455513961013107
2024-02-16-09:49:44,0.342808801680803,0.813113132491708,0.401813854230568,0.0272836927324533,0.877961175283417,0.409203278832138,0.36269472562708,0.0387414896395057,0.647486103931442,0.888942950638011,0.261778255458921,-0.0260038954127625
2024-02-16-09:49:45,0.866483314661309,0.67589000123553,0.648556348634884,0.787384963361546,0.467288806336001,0.205395789584145,0.440849272301421,0.229440553346649,0.694696117890999,0.547893294598907,0.198621452786028,0.946290609409642
2024-02-16-09:49:46,0.455108050955459,0.807499109301716,0.916305739665404,0.358660299796611,0.54234981467016,0.470820417162031,0.403401952702552,0.823937889654189,0.995905438205227,0.804817588534206,0.816147818928584,-0.16922660487306
2024-02-16-09:49:47,0.533764873631299,0.128064419608563,0.216662138933316,0.025102965766564,0.78439817391336,0.379407775355503,0.544772167922929,0.300368249882013,0.849373399978504,0.957196618663147,0.843174822861329,0.126838295400784
2024-02-16-09:49:48,0.963843331905082,0.250778533983976,0.547998871887103,0.74609359796159,0.647870272397995,0.247564962366596,0.863196505932137,0.0160918093752116,0.76582223828882,0.689744080416858,0.832806359510869,-0.393076895713699
2024-02-16-09:49:49,0.774591542081907,0.331546991597861,0.720050457865,0.029625577153638,0.144893147051334,0.925032525788993,0.765674656257033,0.961583591764793,0.137665323214605,0.401133574545383,0.270686769625172,2.37429227562683
2024-02-16-09:49:50,0.208876348566264,0.407269289949909,0.397246005246416,0.433864830993116,0.321637377142906,0.466174706583843,0.0654219081625342,0.0877466935198754,0.0951889341231436,0.971040844218805,0.0194939228240401,1.33217841026855
2024-02-16-09:49:51,0.308786832727492,0.6353675769642,0.0940013926010579,0.256626832997426,0.951055582612753,0.0139416833408177,0.117517975857481,0.748023397056386,0.521848226897418,0.939375858055428,0.630600472679362,0.404551324023015
2024-02-16-09:49:53,0.971342450240627,0.808612044900656,0.634896405041218,0.498015220975503,0.188198490999639,0.94322473811917,0.309788207290694,0.836008212529123,0.19246097211726,0.518282245844603,0.7480582697317,0.611568513267093
2024-02-16-09:49:54,0.584900093497708,0.258801201358438,0.00247881026007235,0.65335523057729,0.750404248479754,0.374545655446127,0.308678307104856,0.0159805347211659,0.731465178076178,0.136290176538751,0.505673847161233,1.19030983684105
2024-02-16-09:49:55,0.760823625372723,0.819467139896005,0.210523239802569,0.0836568856611848,0.459158475277945,0.00804153550416231,0.732336794724688,0.852861498249695,0.494586978806183,0.626735995290801,0.364629667019472,1.75698433475995
2024-02-16-09:49:56,0.372709394432604,0.0154776689596474,0.679022809490561,0.180472461739555,0.141365048941225,0.980524503393099,0.141491358866915,0.550297265173867,0.142759153386578,0.822649984387681,0.309821068542078,1.19117578450009
2024-02-16-09:49:57,0.769193911226466,0.654400766594335,0.866189130349085,0.104462501592934,0.205193076049909,0.377540055895224,0.977573237614706,0.339687408413738,0.841216969070956,0.136265355395153,0.359604371944442,1.03935935943461
2024-02-16-09:49:58,0.5376771830488,0.811719584278762,0.79969711555168,0.812392983818427,0.675293499603868,0.985867554787546,0.854799015913159,0.325701871886849,0.94130395934917,0.59746818896383,0.362874303711578,0.549698772811797
2024-02-16-09:49:59,0.913995449664071,0.461368926800787,0.134996398352087,0.627502441639081,0.138030210509896,0.139616390690207,0.583923732163385,0.639220112003386,0.277967476984486,0.982964067952707,0.53864918788895,0.996070045760916
2024-02-16-09:50:00,0.185296441894025,0.203417101642117,0.387498257681727,0.630572485970333,0.415543700801209,0.562218103092164,0.89956425386481,0.127847296651453,0.150379287777469,0.230630648322403,0.652367650764063,1.24287049815782
2024-02-16-09:50:02,0.282218417385593,0.0187682171817869,0.788471929030493,0.390889850212261,0.451247031800449,0.794360194355249,0.00934454309754074,0.311121101491153,0.706673442618921,0.417370387818664,0.403411977225915,0.139125952148146
2024-02-16-09:50:03,0.0949624131899327,0.283132697222754,0.692913666600361,0.43225357378833,0.622946569696069,0.193901368649676,0.784557086182758,0.583082606550306,0.565338594373316,0.100270999362692,0.583001798251644,0.241740144037759
2024-02-16-09:50:04,0.210487079108134,0.915272625628859,0.59427297138609,0.348634002264589,0.251174297416583,0.71069850306958,0.907801477704197,0.759196238592267,0.0905024409294128,0.278511403594166,0.695773461367935,1.16782960861868
2024-02-16-09:50:05,0.977098996285349,0.933696520514786,0.123857651371509,0.793557758675888,0.464153463719413,0.565708020003513,0.110777559923008,0.551703141769394,0.560340407071635,0.53054649149999,0.89152335235849,0.157730059419015
2024-02-16-09:50:06,0.296302175382152,0.542531613726169,0.55507810274139,0.886936112074181,0.165509229060262,0.0101157331373543,0.46582100330852,0.687787305330858,0.615260063204914,0.314119458198547,0.947959124809131,0.713523529066086
2024-02-16-09:50:07,0.725983026903123,0.219422545982525,0.449411387788132,0.651127086719498,0.857806453481317,0.256950867827982,0.674348260741681,0.371264337562025,0.548419935628772,0.600702072726563,0.420810764655471,2.131417333882
2024-02-16-09:50:09,0.78568783425726,0.489427804015577,0.766166528686881,0.592863264260814,0.156551897292957,0.470981482882053,0.465452460804954,0.906746856868267,0.393490948714316,0.987098018405959,0.63660392141901,2.28219069415853
2024-02-16-09:50:10,0.105417746119201,0.801148736150935,0.0260977216530591,0.327822093851864,0.0883316337130964,0.926862747175619,0.875020541716367,0.975735323736444,0.416668150573969,0.609281485900283,0.177949398988858,0.450506343718429
2024-02-16-09:50:11,0.2395946290344,0.40763065777719,0.195171431871131,0.0756893679499626,0.893417771905661,0.995291978819296,0.401085536228493,0.766094181453809,0.904910921584815,0.145737322745845,0.0803165773395449,-0.624530862899208
2024-02-16-09:50:12,0.270544872386381,0.103711566887796,0.881234564818442,0.591387242078781,0.300620508380234,0.209982300410047,0.56668514572084,0.0122661136556417,0.673621984198689,0.704316460294649,0.565883391769603,0.29574420540843
2024-02-16-09:50:13,0.10105849406682,0.28056517476216,0.109801593469456,0.178336763521656,0.752086671069264,0.545186908217147,0.653705746168271,0.522603975841776,0.954790232004598,0.679180304054171,0.81698935572058,-0.723792846197918
2024-02-16-09:50:14,0.11791384126991,0.361466220580041,0.968550927937031,0.741350124124438,0.401606647996232,0.645392872393131,0.285659729503095,0.799046251457185,0.151231846772134,0.322583865374327,0.759698966285214,1.41942877837758
2024-02-16-09:50:15,0.991236555855721,0.259244841057807,0.385198592906818,0.293876208132133,0.448558106087148,0.90110798063688,0.891944850794971,0.207455570343882,0.559741638135165,0.423315641004592,0.571823949925601,-0.45375403181481
2024-02-16-09:50:16,0.287577520124614,0.986054297303781,0.47068183356896,0.85859140730463,0.639185810694471,0.159673980204388,0.73232174734585,0.138713344465941,0.386281783925369,0.0986357508227229,0.304464184911922,1.06820202484808
2024-02-16-09:50:17,0.788305135443807,0.137067471398041,0.365845473250374,0.887384754605591,0.124822397250682,0.144515851279721,0.609710701974109,0.5571941412054,0.542382778832689,0.623449966777116,0.83281878195703,2.1813007783648
2024-02-16-09:50:18,0.4089769218117,0.90530958166346,0.121272054268047,0.48909149854444,0.255265783751383,0.149180392036214,0.224372133612633,0.252928426256403,0.744253082200885,0.256372759817168,0.593647508416325,0.348831169011425
2024-02-16-09:50:19,0.883017404004931,0.576301837572828,0.046993680531159,0.718091808957979,0.82057468732819,0.514434259850532,0.916171013377607,0.0736061707139015,0.333332431735471,0.479266564594582,0.807196641340852,1.27789770915654
2024-02-16-09:50:20,0.940467284293845,0.395448859082535,0.262796304188669,0.486705572577193,0.803780392976478,0.492827306268737,0.802761024795473,0.762648625299335,0.324915238190442,0.477143506286666,0.294050777796656,0.48656719876326
2024-02-16-09:50:22,0.0455564993899316,0.449802484130487,0.968641167972237,0.988708860939369,0.0458346307277679,0.616342768538743,0.312408612575382,0.606368775945157,0.423743036808446,0.830491416389123,0.14108522166498,1.07204230507754
2024-02-16-09:50:23,0.528105488047004,0.70650190114975,0.488495482364669,0.0647511295974255,0.87553172186017,0.447422890691087,0.227251196280122,0.332993865245953,0.276301349047571,0.895577512681484,0.888621102552861,1.28419833021524
2024-02-16-09:50:24,0.892419044394046,0.0825027457904071,0.477822029730305,0.157662777928635,0.128009089967236,0.0556767152156681,0.657595203956589,0.909663618775085,0.626090149627998,0.576875721104443,0.00828500417992473,0.177373439994381
2024-02-16-09:50:25,0.551435014465824,0.339312580181286,0.748792881146073,0.785348618403077,0.608831403544173,0.00539630954153836,0.735731156310067,0.590027196798474,0.0435978448949754,0.943795091472566,0.569120652973652,2.41936332544926
2024-02-16-09:50:26,0.456614735303447,0.680787551216781,0.667640231316909,0.542188289808109,0.469566873274744,0.221834201132879,0.465094254584983,0.946425729431212,0.606534786755219,0.291835304815322,0.967550189932808,0.761947068482706
2024-02-16-09:50:27,0.956833345349878,0.316949248081073,0.0494155967608094,0.416547345230356,0.55729108559899,0.850963223958388,0.863605329301208,0.902330538723618,0.417049096897244,0.625319276470691,0.269188763340935,0.104262132067396
2024-02-16-09:50:28,0.453334156190977,0.831568598048761,0.695105244405568,0.998882649000734,0.730392784578726,0.267346206121147,0.675000583287328,0.386968038743362,0.0436190224718302,0.620183863444254,0.983960070647299,2.21285832171222